date,state,district,type,beds
1/1/2020,Johor,All Districts,all,5270
1/1/2021,Johor,All Districts,all,5278
1/1/2022,Johor,All Districts,all,5433
1/1/2020,Johor,All Districts,hospital_moh,4138
1/1/2021,Johor,All Districts,hospital_moh,4146
1/1/2022,Johor,All Districts,hospital_moh,4301
1/1/2020,Johor,All Districts,hospital_non_moh,0
1/1/2021,Johor,All Districts,hospital_non_moh,0
1/1/2022,Johor,All Districts,hospital_non_moh,0
1/1/2020,Johor,All Districts,special_medical_institution,1132
1/1/2021,Johor,All Districts,special_medical_institution,1132
1/1/2022,Johor,All Districts,special_medical_institution,1132
1/1/2020,Johor,Batu Pahat,all,546
1/1/2021,Johor,Batu Pahat,all,554
1/1/2022,Johor,Batu Pahat,all,610
1/1/2020,Johor,Batu Pahat,hospital_moh,546
1/1/2021,Johor,Batu Pahat,hospital_moh,554
1/1/2022,Johor,Batu Pahat,hospital_moh,610
1/1/2020,Johor,Batu Pahat,hospital_non_moh,0
1/1/2021,Johor,Batu Pahat,hospital_non_moh,0
1/1/2022,Johor,Batu Pahat,hospital_non_moh,0
1/1/2020,Johor,Batu Pahat,special_medical_institution,0
1/1/2021,Johor,Batu Pahat,special_medical_institution,0
1/1/2022,Johor,Batu Pahat,special_medical_institution,0
1/1/2020,Johor,Johor Bahru,all,3042
1/1/2021,Johor,Johor Bahru,all,3042
1/1/2022,Johor,Johor Bahru,all,3042
1/1/2020,Johor,Johor Bahru,hospital_moh,1910
1/1/2021,Johor,Johor Bahru,hospital_moh,1910
1/1/2022,Johor,Johor Bahru,hospital_moh,1910
1/1/2020,Johor,Johor Bahru,hospital_non_moh,0
1/1/2021,Johor,Johor Bahru,hospital_non_moh,0
1/1/2022,Johor,Johor Bahru,hospital_non_moh,0
1/1/2020,Johor,Johor Bahru,special_medical_institution,1132
1/1/2021,Johor,Johor Bahru,special_medical_institution,1132
1/1/2022,Johor,Johor Bahru,special_medical_institution,1132
1/1/2020,Johor,Kluang,all,308
1/1/2021,Johor,Kluang,all,308
1/1/2022,Johor,Kluang,all,382
1/1/2020,Johor,Kluang,hospital_moh,308
1/1/2021,Johor,Kluang,hospital_moh,308
1/1/2022,Johor,Kluang,hospital_moh,382
1/1/2020,Johor,Kluang,hospital_non_moh,0
1/1/2021,Johor,Kluang,hospital_non_moh,0
1/1/2022,Johor,Kluang,hospital_non_moh,0
1/1/2020,Johor,Kluang,special_medical_institution,0
1/1/2021,Johor,Kluang,special_medical_institution,0
1/1/2022,Johor,Kluang,special_medical_institution,0
1/1/2020,Johor,Kota Tinggi,all,158
1/1/2021,Johor,Kota Tinggi,all,158
1/1/2022,Johor,Kota Tinggi,all,158
1/1/2020,Johor,Kota Tinggi,hospital_moh,158
1/1/2021,Johor,Kota Tinggi,hospital_moh,158
1/1/2022,Johor,Kota Tinggi,hospital_moh,158
1/1/2020,Johor,Kota Tinggi,hospital_non_moh,0
1/1/2021,Johor,Kota Tinggi,hospital_non_moh,0
1/1/2022,Johor,Kota Tinggi,hospital_non_moh,0
1/1/2020,Johor,Kota Tinggi,special_medical_institution,0
1/1/2021,Johor,Kota Tinggi,special_medical_institution,0
1/1/2022,Johor,Kota Tinggi,special_medical_institution,0
1/1/2020,Johor,Kulaijaya,all,93
1/1/2021,Johor,Kulaijaya,all,93
1/1/2022,Johor,Kulaijaya,all,93
1/1/2020,Johor,Kulaijaya,hospital_moh,93
1/1/2021,Johor,Kulaijaya,hospital_moh,93
1/1/2022,Johor,Kulaijaya,hospital_moh,93
1/1/2020,Johor,Kulaijaya,hospital_non_moh,0
1/1/2021,Johor,Kulaijaya,hospital_non_moh,0
1/1/2022,Johor,Kulaijaya,hospital_non_moh,0
1/1/2020,Johor,Kulaijaya,special_medical_institution,0
1/1/2021,Johor,Kulaijaya,special_medical_institution,0
1/1/2022,Johor,Kulaijaya,special_medical_institution,0
1/1/2020,Johor,Ledang,all,69
1/1/2021,Johor,Ledang,all,69
1/1/2022,Johor,Ledang,all,69
1/1/2020,Johor,Ledang,hospital_moh,69
1/1/2021,Johor,Ledang,hospital_moh,69
1/1/2022,Johor,Ledang,hospital_moh,69
1/1/2020,Johor,Ledang,hospital_non_moh,0
1/1/2021,Johor,Ledang,hospital_non_moh,0
1/1/2022,Johor,Ledang,hospital_non_moh,0
1/1/2020,Johor,Ledang,special_medical_institution,0
1/1/2021,Johor,Ledang,special_medical_institution,0
1/1/2022,Johor,Ledang,special_medical_institution,0
1/1/2020,Johor,Mersing,all,70
1/1/2021,Johor,Mersing,all,70
1/1/2022,Johor,Mersing,all,70
1/1/2020,Johor,Mersing,hospital_moh,70
1/1/2021,Johor,Mersing,hospital_moh,70
1/1/2022,Johor,Mersing,hospital_moh,70
1/1/2020,Johor,Mersing,hospital_non_moh,0
1/1/2021,Johor,Mersing,hospital_non_moh,0
1/1/2022,Johor,Mersing,hospital_non_moh,0
1/1/2020,Johor,Mersing,special_medical_institution,0
1/1/2021,Johor,Mersing,special_medical_institution,0
1/1/2022,Johor,Mersing,special_medical_institution,0
1/1/2020,Johor,Muar,all,550
1/1/2021,Johor,Muar,all,550
1/1/2022,Johor,Muar,all,575
1/1/2020,Johor,Muar,hospital_moh,550
1/1/2021,Johor,Muar,hospital_moh,550
1/1/2022,Johor,Muar,hospital_moh,575
1/1/2020,Johor,Muar,hospital_non_moh,0
1/1/2021,Johor,Muar,hospital_non_moh,0
1/1/2022,Johor,Muar,hospital_non_moh,0
1/1/2020,Johor,Muar,special_medical_institution,0
1/1/2021,Johor,Muar,special_medical_institution,0
1/1/2022,Johor,Muar,special_medical_institution,0
1/1/2020,Johor,Pontian,all,120
1/1/2021,Johor,Pontian,all,120
1/1/2022,Johor,Pontian,all,120
1/1/2020,Johor,Pontian,hospital_moh,120
1/1/2021,Johor,Pontian,hospital_moh,120
1/1/2022,Johor,Pontian,hospital_moh,120
1/1/2020,Johor,Pontian,hospital_non_moh,0
1/1/2021,Johor,Pontian,hospital_non_moh,0
1/1/2022,Johor,Pontian,hospital_non_moh,0
1/1/2020,Johor,Pontian,special_medical_institution,0
1/1/2021,Johor,Pontian,special_medical_institution,0
1/1/2022,Johor,Pontian,special_medical_institution,0
1/1/2020,Johor,Segamat,all,314
1/1/2021,Johor,Segamat,all,314
1/1/2022,Johor,Segamat,all,314
1/1/2020,Johor,Segamat,hospital_moh,314
1/1/2021,Johor,Segamat,hospital_moh,314
1/1/2022,Johor,Segamat,hospital_moh,314
1/1/2020,Johor,Segamat,hospital_non_moh,0
1/1/2021,Johor,Segamat,hospital_non_moh,0
1/1/2022,Johor,Segamat,hospital_non_moh,0
1/1/2020,Johor,Segamat,special_medical_institution,0
1/1/2021,Johor,Segamat,special_medical_institution,0
1/1/2022,Johor,Segamat,special_medical_institution,0
1/1/2020,Kedah,All Districts,all,2702
1/1/2021,Kedah,All Districts,all,2755
1/1/2022,Kedah,All Districts,all,2762
1/1/2020,Kedah,All Districts,hospital_moh,2702
1/1/2021,Kedah,All Districts,hospital_moh,2755
1/1/2022,Kedah,All Districts,hospital_moh,2762
1/1/2020,Kedah,All Districts,hospital_non_moh,0
1/1/2021,Kedah,All Districts,hospital_non_moh,0
1/1/2022,Kedah,All Districts,hospital_non_moh,0
1/1/2020,Kedah,All Districts,special_medical_institution,0
1/1/2021,Kedah,All Districts,special_medical_institution,0
1/1/2022,Kedah,All Districts,special_medical_institution,0
1/1/2020,Kedah,Baling,all,115
1/1/2021,Kedah,Baling,all,115
1/1/2022,Kedah,Baling,all,115
1/1/2020,Kedah,Baling,hospital_moh,115
1/1/2021,Kedah,Baling,hospital_moh,115
1/1/2022,Kedah,Baling,hospital_moh,115
1/1/2020,Kedah,Baling,hospital_non_moh,0
1/1/2021,Kedah,Baling,hospital_non_moh,0
1/1/2022,Kedah,Baling,hospital_non_moh,0
1/1/2020,Kedah,Baling,special_medical_institution,0
1/1/2021,Kedah,Baling,special_medical_institution,0
1/1/2022,Kedah,Baling,special_medical_institution,0
1/1/2020,Kedah,Bandar Baharu,all,0
1/1/2021,Kedah,Bandar Baharu,all,0
1/1/2022,Kedah,Bandar Baharu,all,0
1/1/2020,Kedah,Bandar Baharu,hospital_moh,0
1/1/2021,Kedah,Bandar Baharu,hospital_moh,0
1/1/2022,Kedah,Bandar Baharu,hospital_moh,0
1/1/2020,Kedah,Bandar Baharu,hospital_non_moh,0
1/1/2021,Kedah,Bandar Baharu,hospital_non_moh,0
1/1/2022,Kedah,Bandar Baharu,hospital_non_moh,0
1/1/2020,Kedah,Bandar Baharu,special_medical_institution,0
1/1/2021,Kedah,Bandar Baharu,special_medical_institution,0
1/1/2022,Kedah,Bandar Baharu,special_medical_institution,0
1/1/2020,Kedah,Kota Setar,all,1108
1/1/2021,Kedah,Kota Setar,all,1108
1/1/2022,Kedah,Kota Setar,all,1108
1/1/2020,Kedah,Kota Setar,hospital_moh,1108
1/1/2021,Kedah,Kota Setar,hospital_moh,1108
1/1/2022,Kedah,Kota Setar,hospital_moh,1108
1/1/2020,Kedah,Kota Setar,hospital_non_moh,0
1/1/2021,Kedah,Kota Setar,hospital_non_moh,0
1/1/2022,Kedah,Kota Setar,hospital_non_moh,0
1/1/2020,Kedah,Kota Setar,special_medical_institution,0
1/1/2021,Kedah,Kota Setar,special_medical_institution,0
1/1/2022,Kedah,Kota Setar,special_medical_institution,0
1/1/2020,Kedah,Kuala Muda,all,696
1/1/2021,Kedah,Kuala Muda,all,696
1/1/2022,Kedah,Kuala Muda,all,703
1/1/2020,Kedah,Kuala Muda,hospital_moh,696
1/1/2021,Kedah,Kuala Muda,hospital_moh,696
1/1/2022,Kedah,Kuala Muda,hospital_moh,703
1/1/2020,Kedah,Kuala Muda,hospital_non_moh,0
1/1/2021,Kedah,Kuala Muda,hospital_non_moh,0
1/1/2022,Kedah,Kuala Muda,hospital_non_moh,0
1/1/2020,Kedah,Kuala Muda,special_medical_institution,0
1/1/2021,Kedah,Kuala Muda,special_medical_institution,0
1/1/2022,Kedah,Kuala Muda,special_medical_institution,0
1/1/2020,Kedah,Kubang Pasu,all,91
1/1/2021,Kedah,Kubang Pasu,all,91
1/1/2022,Kedah,Kubang Pasu,all,91
1/1/2020,Kedah,Kubang Pasu,hospital_moh,91
1/1/2021,Kedah,Kubang Pasu,hospital_moh,91
1/1/2022,Kedah,Kubang Pasu,hospital_moh,91
1/1/2020,Kedah,Kubang Pasu,hospital_non_moh,0
1/1/2021,Kedah,Kubang Pasu,hospital_non_moh,0
1/1/2022,Kedah,Kubang Pasu,hospital_non_moh,0
1/1/2020,Kedah,Kubang Pasu,special_medical_institution,0
1/1/2021,Kedah,Kubang Pasu,special_medical_institution,0
1/1/2022,Kedah,Kubang Pasu,special_medical_institution,0
1/1/2020,Kedah,Kulim,all,320
1/1/2021,Kedah,Kulim,all,320
1/1/2022,Kedah,Kulim,all,320
1/1/2020,Kedah,Kulim,hospital_moh,320
1/1/2021,Kedah,Kulim,hospital_moh,320
1/1/2022,Kedah,Kulim,hospital_moh,320
1/1/2020,Kedah,Kulim,hospital_non_moh,0
1/1/2021,Kedah,Kulim,hospital_non_moh,0
1/1/2022,Kedah,Kulim,hospital_non_moh,0
1/1/2020,Kedah,Kulim,special_medical_institution,0
1/1/2021,Kedah,Kulim,special_medical_institution,0
1/1/2022,Kedah,Kulim,special_medical_institution,0
1/1/2020,Kedah,Langkawi,all,110
1/1/2021,Kedah,Langkawi,all,163
1/1/2022,Kedah,Langkawi,all,163
1/1/2020,Kedah,Langkawi,hospital_moh,110
1/1/2021,Kedah,Langkawi,hospital_moh,163
1/1/2022,Kedah,Langkawi,hospital_moh,163
1/1/2020,Kedah,Langkawi,hospital_non_moh,0
1/1/2021,Kedah,Langkawi,hospital_non_moh,0
1/1/2022,Kedah,Langkawi,hospital_non_moh,0
1/1/2020,Kedah,Langkawi,special_medical_institution,0
1/1/2021,Kedah,Langkawi,special_medical_institution,0
1/1/2022,Kedah,Langkawi,special_medical_institution,0
1/1/2020,Kedah,Padang Terap,all,80
1/1/2021,Kedah,Padang Terap,all,80
1/1/2022,Kedah,Padang Terap,all,80
1/1/2020,Kedah,Padang Terap,hospital_moh,80
1/1/2021,Kedah,Padang Terap,hospital_moh,80
1/1/2022,Kedah,Padang Terap,hospital_moh,80
1/1/2020,Kedah,Padang Terap,hospital_non_moh,0
1/1/2021,Kedah,Padang Terap,hospital_non_moh,0
1/1/2022,Kedah,Padang Terap,hospital_non_moh,0
1/1/2020,Kedah,Padang Terap,special_medical_institution,0
1/1/2021,Kedah,Padang Terap,special_medical_institution,0
1/1/2022,Kedah,Padang Terap,special_medical_institution,0
1/1/2020,Kedah,Pendang,all,0
1/1/2021,Kedah,Pendang,all,0
1/1/2022,Kedah,Pendang,all,0
1/1/2020,Kedah,Pendang,hospital_moh,0
1/1/2021,Kedah,Pendang,hospital_moh,0
1/1/2022,Kedah,Pendang,hospital_moh,0
1/1/2020,Kedah,Pendang,hospital_non_moh,0
1/1/2021,Kedah,Pendang,hospital_non_moh,0
1/1/2022,Kedah,Pendang,hospital_non_moh,0
1/1/2020,Kedah,Pendang,special_medical_institution,0
1/1/2021,Kedah,Pendang,special_medical_institution,0
1/1/2022,Kedah,Pendang,special_medical_institution,0
1/1/2020,Kedah,Pokok Sena,all,0
1/1/2021,Kedah,Pokok Sena,all,0
1/1/2022,Kedah,Pokok Sena,all,0
1/1/2020,Kedah,Pokok Sena,hospital_moh,0
1/1/2021,Kedah,Pokok Sena,hospital_moh,0
1/1/2022,Kedah,Pokok Sena,hospital_moh,0
1/1/2020,Kedah,Pokok Sena,hospital_non_moh,0
1/1/2021,Kedah,Pokok Sena,hospital_non_moh,0
1/1/2022,Kedah,Pokok Sena,hospital_non_moh,0
1/1/2020,Kedah,Pokok Sena,special_medical_institution,0
1/1/2021,Kedah,Pokok Sena,special_medical_institution,0
1/1/2022,Kedah,Pokok Sena,special_medical_institution,0
1/1/2020,Kedah,Sik,all,93
1/1/2021,Kedah,Sik,all,93
1/1/2022,Kedah,Sik,all,93
1/1/2020,Kedah,Sik,hospital_moh,93
1/1/2021,Kedah,Sik,hospital_moh,93
1/1/2022,Kedah,Sik,hospital_moh,93
1/1/2020,Kedah,Sik,hospital_non_moh,0
1/1/2021,Kedah,Sik,hospital_non_moh,0
1/1/2022,Kedah,Sik,hospital_non_moh,0
1/1/2020,Kedah,Sik,special_medical_institution,0
1/1/2021,Kedah,Sik,special_medical_institution,0
1/1/2022,Kedah,Sik,special_medical_institution,0
1/1/2020,Kedah,Yan,all,89
1/1/2021,Kedah,Yan,all,89
1/1/2022,Kedah,Yan,all,89
1/1/2020,Kedah,Yan,hospital_moh,89
1/1/2021,Kedah,Yan,hospital_moh,89
1/1/2022,Kedah,Yan,hospital_moh,89
1/1/2020,Kedah,Yan,hospital_non_moh,0
1/1/2021,Kedah,Yan,hospital_non_moh,0
1/1/2022,Kedah,Yan,hospital_non_moh,0
1/1/2020,Kedah,Yan,special_medical_institution,0
1/1/2021,Kedah,Yan,special_medical_institution,0
1/1/2022,Kedah,Yan,special_medical_institution,0
1/1/2020,Kelantan,All Districts,all,2786
1/1/2021,Kelantan,All Districts,all,2812
1/1/2022,Kelantan,All Districts,all,2970
1/1/2020,Kelantan,All Districts,hospital_moh,1957
1/1/2021,Kelantan,All Districts,hospital_moh,1983
1/1/2022,Kelantan,All Districts,hospital_moh,2141
1/1/2020,Kelantan,All Districts,hospital_non_moh,829
1/1/2021,Kelantan,All Districts,hospital_non_moh,829
1/1/2022,Kelantan,All Districts,hospital_non_moh,829
1/1/2020,Kelantan,All Districts,special_medical_institution,0
1/1/2021,Kelantan,All Districts,special_medical_institution,0
1/1/2022,Kelantan,All Districts,special_medical_institution,0
1/1/2020,Kelantan,Bachok,all,0
1/1/2021,Kelantan,Bachok,all,0
1/1/2022,Kelantan,Bachok,all,0
1/1/2020,Kelantan,Bachok,hospital_moh,0
1/1/2021,Kelantan,Bachok,hospital_moh,0
1/1/2022,Kelantan,Bachok,hospital_moh,0
1/1/2020,Kelantan,Bachok,hospital_non_moh,0
1/1/2021,Kelantan,Bachok,hospital_non_moh,0
1/1/2022,Kelantan,Bachok,hospital_non_moh,0
1/1/2020,Kelantan,Bachok,special_medical_institution,0
1/1/2021,Kelantan,Bachok,special_medical_institution,0
1/1/2022,Kelantan,Bachok,special_medical_institution,0
1/1/2020,Kelantan,Gua Musang,all,90
1/1/2021,Kelantan,Gua Musang,all,90
1/1/2022,Kelantan,Gua Musang,all,90
1/1/2020,Kelantan,Gua Musang,hospital_moh,90
1/1/2021,Kelantan,Gua Musang,hospital_moh,90
1/1/2022,Kelantan,Gua Musang,hospital_moh,90
1/1/2020,Kelantan,Gua Musang,hospital_non_moh,0
1/1/2021,Kelantan,Gua Musang,hospital_non_moh,0
1/1/2022,Kelantan,Gua Musang,hospital_non_moh,0
1/1/2020,Kelantan,Gua Musang,special_medical_institution,0
1/1/2021,Kelantan,Gua Musang,special_medical_institution,0
1/1/2022,Kelantan,Gua Musang,special_medical_institution,0
1/1/2020,Kelantan,Jeli,all,80
1/1/2021,Kelantan,Jeli,all,80
1/1/2022,Kelantan,Jeli,all,80
1/1/2020,Kelantan,Jeli,hospital_moh,80
1/1/2021,Kelantan,Jeli,hospital_moh,80
1/1/2022,Kelantan,Jeli,hospital_moh,80
1/1/2020,Kelantan,Jeli,hospital_non_moh,0
1/1/2021,Kelantan,Jeli,hospital_non_moh,0
1/1/2022,Kelantan,Jeli,hospital_non_moh,0
1/1/2020,Kelantan,Jeli,special_medical_institution,0
1/1/2021,Kelantan,Jeli,special_medical_institution,0
1/1/2022,Kelantan,Jeli,special_medical_institution,0
1/1/2020,Kelantan,Kota Bharu,all,1811
1/1/2021,Kelantan,Kota Bharu,all,1811
1/1/2022,Kelantan,Kota Bharu,all,1811
1/1/2020,Kelantan,Kota Bharu,hospital_moh,982
1/1/2021,Kelantan,Kota Bharu,hospital_moh,982
1/1/2022,Kelantan,Kota Bharu,hospital_moh,982
1/1/2020,Kelantan,Kota Bharu,hospital_non_moh,829
1/1/2021,Kelantan,Kota Bharu,hospital_non_moh,829
1/1/2022,Kelantan,Kota Bharu,hospital_non_moh,829
1/1/2020,Kelantan,Kota Bharu,special_medical_institution,0
1/1/2021,Kelantan,Kota Bharu,special_medical_institution,0
1/1/2022,Kelantan,Kota Bharu,special_medical_institution,0
1/1/2020,Kelantan,Kuala Krai,all,268
1/1/2021,Kelantan,Kuala Krai,all,268
1/1/2022,Kelantan,Kuala Krai,all,424
1/1/2020,Kelantan,Kuala Krai,hospital_moh,268
1/1/2021,Kelantan,Kuala Krai,hospital_moh,268
1/1/2022,Kelantan,Kuala Krai,hospital_moh,424
1/1/2020,Kelantan,Kuala Krai,hospital_non_moh,0
1/1/2021,Kelantan,Kuala Krai,hospital_non_moh,0
1/1/2022,Kelantan,Kuala Krai,hospital_non_moh,0
1/1/2020,Kelantan,Kuala Krai,special_medical_institution,0
1/1/2021,Kelantan,Kuala Krai,special_medical_institution,0
1/1/2022,Kelantan,Kuala Krai,special_medical_institution,0
1/1/2020,Kelantan,Machang,all,90
1/1/2021,Kelantan,Machang,all,90
1/1/2022,Kelantan,Machang,all,90
1/1/2020,Kelantan,Machang,hospital_moh,90
1/1/2021,Kelantan,Machang,hospital_moh,90
1/1/2022,Kelantan,Machang,hospital_moh,90
1/1/2020,Kelantan,Machang,hospital_non_moh,0
1/1/2021,Kelantan,Machang,hospital_non_moh,0
1/1/2022,Kelantan,Machang,hospital_non_moh,0
1/1/2020,Kelantan,Machang,special_medical_institution,0
1/1/2021,Kelantan,Machang,special_medical_institution,0
1/1/2022,Kelantan,Machang,special_medical_institution,0
1/1/2020,Kelantan,Pasir Mas,all,120
1/1/2021,Kelantan,Pasir Mas,all,120
1/1/2022,Kelantan,Pasir Mas,all,120
1/1/2020,Kelantan,Pasir Mas,hospital_moh,120
1/1/2021,Kelantan,Pasir Mas,hospital_moh,120
1/1/2022,Kelantan,Pasir Mas,hospital_moh,120
1/1/2020,Kelantan,Pasir Mas,hospital_non_moh,0
1/1/2021,Kelantan,Pasir Mas,hospital_non_moh,0
1/1/2022,Kelantan,Pasir Mas,hospital_non_moh,0
1/1/2020,Kelantan,Pasir Mas,special_medical_institution,0
1/1/2021,Kelantan,Pasir Mas,special_medical_institution,0
1/1/2022,Kelantan,Pasir Mas,special_medical_institution,0
1/1/2020,Kelantan,Pasir Puteh,all,75
1/1/2021,Kelantan,Pasir Puteh,all,90
1/1/2022,Kelantan,Pasir Puteh,all,90
1/1/2020,Kelantan,Pasir Puteh,hospital_moh,75
1/1/2021,Kelantan,Pasir Puteh,hospital_moh,90
1/1/2022,Kelantan,Pasir Puteh,hospital_moh,90
1/1/2020,Kelantan,Pasir Puteh,hospital_non_moh,0
1/1/2021,Kelantan,Pasir Puteh,hospital_non_moh,0
1/1/2022,Kelantan,Pasir Puteh,hospital_non_moh,0
1/1/2020,Kelantan,Pasir Puteh,special_medical_institution,0
1/1/2021,Kelantan,Pasir Puteh,special_medical_institution,0
1/1/2022,Kelantan,Pasir Puteh,special_medical_institution,0
1/1/2020,Kelantan,Tanah Merah,all,133
1/1/2021,Kelantan,Tanah Merah,all,144
1/1/2022,Kelantan,Tanah Merah,all,146
1/1/2020,Kelantan,Tanah Merah,hospital_moh,133
1/1/2021,Kelantan,Tanah Merah,hospital_moh,144
1/1/2022,Kelantan,Tanah Merah,hospital_moh,146
1/1/2020,Kelantan,Tanah Merah,hospital_non_moh,0
1/1/2021,Kelantan,Tanah Merah,hospital_non_moh,0
1/1/2022,Kelantan,Tanah Merah,hospital_non_moh,0
1/1/2020,Kelantan,Tanah Merah,special_medical_institution,0
1/1/2021,Kelantan,Tanah Merah,special_medical_institution,0
1/1/2022,Kelantan,Tanah Merah,special_medical_institution,0
1/1/2020,Kelantan,Tumpat,all,119
1/1/2021,Kelantan,Tumpat,all,119
1/1/2022,Kelantan,Tumpat,all,119
1/1/2020,Kelantan,Tumpat,hospital_moh,119
1/1/2021,Kelantan,Tumpat,hospital_moh,119
1/1/2022,Kelantan,Tumpat,hospital_moh,119
1/1/2020,Kelantan,Tumpat,hospital_non_moh,0
1/1/2021,Kelantan,Tumpat,hospital_non_moh,0
1/1/2022,Kelantan,Tumpat,hospital_non_moh,0
1/1/2020,Kelantan,Tumpat,special_medical_institution,0
1/1/2021,Kelantan,Tumpat,special_medical_institution,0
1/1/2022,Kelantan,Tumpat,special_medical_institution,0
1/1/2020,Melaka,All Districts,all,1429
1/1/2021,Melaka,All Districts,all,1439
1/1/2022,Melaka,All Districts,all,1454
1/1/2020,Melaka,All Districts,hospital_moh,1285
1/1/2021,Melaka,All Districts,hospital_moh,1295
1/1/2022,Melaka,All Districts,hospital_moh,1310
1/1/2020,Melaka,All Districts,hospital_non_moh,144
1/1/2021,Melaka,All Districts,hospital_non_moh,144
1/1/2022,Melaka,All Districts,hospital_non_moh,144
1/1/2020,Melaka,All Districts,special_medical_institution,0
1/1/2021,Melaka,All Districts,special_medical_institution,0
1/1/2022,Melaka,All Districts,special_medical_institution,0
1/1/2020,Melaka,Alor Gajah,all,104
1/1/2021,Melaka,Alor Gajah,all,104
1/1/2022,Melaka,Alor Gajah,all,106
1/1/2020,Melaka,Alor Gajah,hospital_moh,104
1/1/2021,Melaka,Alor Gajah,hospital_moh,104
1/1/2022,Melaka,Alor Gajah,hospital_moh,106
1/1/2020,Melaka,Alor Gajah,hospital_non_moh,0
1/1/2021,Melaka,Alor Gajah,hospital_non_moh,0
1/1/2022,Melaka,Alor Gajah,hospital_non_moh,0
1/1/2020,Melaka,Alor Gajah,special_medical_institution,0
1/1/2021,Melaka,Alor Gajah,special_medical_institution,0
1/1/2022,Melaka,Alor Gajah,special_medical_institution,0
1/1/2020,Melaka,Jasin,all,90
1/1/2021,Melaka,Jasin,all,90
1/1/2022,Melaka,Jasin,all,103
1/1/2020,Melaka,Jasin,hospital_moh,90
1/1/2021,Melaka,Jasin,hospital_moh,90
1/1/2022,Melaka,Jasin,hospital_moh,103
1/1/2020,Melaka,Jasin,hospital_non_moh,0
1/1/2021,Melaka,Jasin,hospital_non_moh,0
1/1/2022,Melaka,Jasin,hospital_non_moh,0
1/1/2020,Melaka,Jasin,special_medical_institution,0
1/1/2021,Melaka,Jasin,special_medical_institution,0
1/1/2022,Melaka,Jasin,special_medical_institution,0
1/1/2020,Melaka,Melaka Tengah,all,1235
1/1/2021,Melaka,Melaka Tengah,all,1245
1/1/2022,Melaka,Melaka Tengah,all,1245
1/1/2020,Melaka,Melaka Tengah,hospital_moh,1091
1/1/2021,Melaka,Melaka Tengah,hospital_moh,1101
1/1/2022,Melaka,Melaka Tengah,hospital_moh,1101
1/1/2020,Melaka,Melaka Tengah,hospital_non_moh,144
1/1/2021,Melaka,Melaka Tengah,hospital_non_moh,144
1/1/2022,Melaka,Melaka Tengah,hospital_non_moh,144
1/1/2020,Melaka,Melaka Tengah,special_medical_institution,0
1/1/2021,Melaka,Melaka Tengah,special_medical_institution,0
1/1/2022,Melaka,Melaka Tengah,special_medical_institution,0
1/1/2020,Negeri Sembilan,All Districts,all,1977
1/1/2021,Negeri Sembilan,All Districts,all,1977
1/1/2022,Negeri Sembilan,All Districts,all,1977
1/1/2020,Negeri Sembilan,All Districts,hospital_moh,1941
1/1/2021,Negeri Sembilan,All Districts,hospital_moh,1941
1/1/2022,Negeri Sembilan,All Districts,hospital_moh,1941
1/1/2020,Negeri Sembilan,All Districts,hospital_non_moh,36
1/1/2021,Negeri Sembilan,All Districts,hospital_non_moh,36
1/1/2022,Negeri Sembilan,All Districts,hospital_non_moh,36
1/1/2020,Negeri Sembilan,All Districts,special_medical_institution,0
1/1/2021,Negeri Sembilan,All Districts,special_medical_institution,0
1/1/2022,Negeri Sembilan,All Districts,special_medical_institution,0
1/1/2020,Negeri Sembilan,Jelebu,all,76
1/1/2021,Negeri Sembilan,Jelebu,all,76
1/1/2022,Negeri Sembilan,Jelebu,all,76
1/1/2020,Negeri Sembilan,Jelebu,hospital_moh,76
1/1/2021,Negeri Sembilan,Jelebu,hospital_moh,76
1/1/2022,Negeri Sembilan,Jelebu,hospital_moh,76
1/1/2020,Negeri Sembilan,Jelebu,hospital_non_moh,0
1/1/2021,Negeri Sembilan,Jelebu,hospital_non_moh,0
1/1/2022,Negeri Sembilan,Jelebu,hospital_non_moh,0
1/1/2020,Negeri Sembilan,Jelebu,special_medical_institution,0
1/1/2021,Negeri Sembilan,Jelebu,special_medical_institution,0
1/1/2022,Negeri Sembilan,Jelebu,special_medical_institution,0
1/1/2020,Negeri Sembilan,Jempol,all,108
1/1/2021,Negeri Sembilan,Jempol,all,108
1/1/2022,Negeri Sembilan,Jempol,all,108
1/1/2020,Negeri Sembilan,Jempol,hospital_moh,108
1/1/2021,Negeri Sembilan,Jempol,hospital_moh,108
1/1/2022,Negeri Sembilan,Jempol,hospital_moh,108
1/1/2020,Negeri Sembilan,Jempol,hospital_non_moh,0
1/1/2021,Negeri Sembilan,Jempol,hospital_non_moh,0
1/1/2022,Negeri Sembilan,Jempol,hospital_non_moh,0
1/1/2020,Negeri Sembilan,Jempol,special_medical_institution,0
1/1/2021,Negeri Sembilan,Jempol,special_medical_institution,0
1/1/2022,Negeri Sembilan,Jempol,special_medical_institution,0
1/1/2020,Negeri Sembilan,Kuala Pilah,all,314
1/1/2021,Negeri Sembilan,Kuala Pilah,all,314
1/1/2022,Negeri Sembilan,Kuala Pilah,all,314
1/1/2020,Negeri Sembilan,Kuala Pilah,hospital_moh,314
1/1/2021,Negeri Sembilan,Kuala Pilah,hospital_moh,314
1/1/2022,Negeri Sembilan,Kuala Pilah,hospital_moh,314
1/1/2020,Negeri Sembilan,Kuala Pilah,hospital_non_moh,0
1/1/2021,Negeri Sembilan,Kuala Pilah,hospital_non_moh,0
1/1/2022,Negeri Sembilan,Kuala Pilah,hospital_non_moh,0
1/1/2020,Negeri Sembilan,Kuala Pilah,special_medical_institution,0
1/1/2021,Negeri Sembilan,Kuala Pilah,special_medical_institution,0
1/1/2022,Negeri Sembilan,Kuala Pilah,special_medical_institution,0
1/1/2020,Negeri Sembilan,Port Dickson,all,116
1/1/2021,Negeri Sembilan,Port Dickson,all,116
1/1/2022,Negeri Sembilan,Port Dickson,all,116
1/1/2020,Negeri Sembilan,Port Dickson,hospital_moh,116
1/1/2021,Negeri Sembilan,Port Dickson,hospital_moh,116
1/1/2022,Negeri Sembilan,Port Dickson,hospital_moh,116
1/1/2020,Negeri Sembilan,Port Dickson,hospital_non_moh,0
1/1/2021,Negeri Sembilan,Port Dickson,hospital_non_moh,0
1/1/2022,Negeri Sembilan,Port Dickson,hospital_non_moh,0
1/1/2020,Negeri Sembilan,Port Dickson,special_medical_institution,0
1/1/2021,Negeri Sembilan,Port Dickson,special_medical_institution,0
1/1/2022,Negeri Sembilan,Port Dickson,special_medical_institution,0
1/1/2020,Negeri Sembilan,Rembau,all,76
1/1/2021,Negeri Sembilan,Rembau,all,76
1/1/2022,Negeri Sembilan,Rembau,all,76
1/1/2020,Negeri Sembilan,Rembau,hospital_moh,76
1/1/2021,Negeri Sembilan,Rembau,hospital_moh,76
1/1/2022,Negeri Sembilan,Rembau,hospital_moh,76
1/1/2020,Negeri Sembilan,Rembau,hospital_non_moh,0
1/1/2021,Negeri Sembilan,Rembau,hospital_non_moh,0
1/1/2022,Negeri Sembilan,Rembau,hospital_non_moh,0
1/1/2020,Negeri Sembilan,Rembau,special_medical_institution,0
1/1/2021,Negeri Sembilan,Rembau,special_medical_institution,0
1/1/2022,Negeri Sembilan,Rembau,special_medical_institution,0
1/1/2020,Negeri Sembilan,Seremban,all,1143
1/1/2021,Negeri Sembilan,Seremban,all,1143
1/1/2022,Negeri Sembilan,Seremban,all,1143
1/1/2020,Negeri Sembilan,Seremban,hospital_moh,1143
1/1/2021,Negeri Sembilan,Seremban,hospital_moh,1143
1/1/2022,Negeri Sembilan,Seremban,hospital_moh,1143
1/1/2020,Negeri Sembilan,Seremban,hospital_non_moh,0
1/1/2021,Negeri Sembilan,Seremban,hospital_non_moh,0
1/1/2022,Negeri Sembilan,Seremban,hospital_non_moh,0
1/1/2020,Negeri Sembilan,Seremban,special_medical_institution,0
1/1/2021,Negeri Sembilan,Seremban,special_medical_institution,0
1/1/2022,Negeri Sembilan,Seremban,special_medical_institution,0
1/1/2020,Negeri Sembilan,Tampin,all,144
1/1/2021,Negeri Sembilan,Tampin,all,144
1/1/2022,Negeri Sembilan,Tampin,all,144
1/1/2020,Negeri Sembilan,Tampin,hospital_moh,108
1/1/2021,Negeri Sembilan,Tampin,hospital_moh,108
1/1/2022,Negeri Sembilan,Tampin,hospital_moh,108
1/1/2020,Negeri Sembilan,Tampin,hospital_non_moh,36
1/1/2021,Negeri Sembilan,Tampin,hospital_non_moh,36
1/1/2022,Negeri Sembilan,Tampin,hospital_non_moh,36
1/1/2020,Negeri Sembilan,Tampin,special_medical_institution,0
1/1/2021,Negeri Sembilan,Tampin,special_medical_institution,0
1/1/2022,Negeri Sembilan,Tampin,special_medical_institution,0
1/1/2020,Pahang,All Districts,all,2646
1/1/2021,Pahang,All Districts,all,2611
1/1/2022,Pahang,All Districts,all,2681
1/1/2020,Pahang,All Districts,hospital_moh,2316
1/1/2021,Pahang,All Districts,hospital_moh,2316
1/1/2022,Pahang,All Districts,hospital_moh,2356
1/1/2020,Pahang,All Districts,hospital_non_moh,330
1/1/2021,Pahang,All Districts,hospital_non_moh,295
1/1/2022,Pahang,All Districts,hospital_non_moh,325
1/1/2020,Pahang,All Districts,special_medical_institution,0
1/1/2021,Pahang,All Districts,special_medical_institution,0
1/1/2022,Pahang,All Districts,special_medical_institution,0
1/1/2020,Pahang,Bentong,all,152
1/1/2021,Pahang,Bentong,all,152
1/1/2022,Pahang,Bentong,all,152
1/1/2020,Pahang,Bentong,hospital_moh,152
1/1/2021,Pahang,Bentong,hospital_moh,152
1/1/2022,Pahang,Bentong,hospital_moh,152
1/1/2020,Pahang,Bentong,hospital_non_moh,0
1/1/2021,Pahang,Bentong,hospital_non_moh,0
1/1/2022,Pahang,Bentong,hospital_non_moh,0
1/1/2020,Pahang,Bentong,special_medical_institution,0
1/1/2021,Pahang,Bentong,special_medical_institution,0
1/1/2022,Pahang,Bentong,special_medical_institution,0
1/1/2020,Pahang,Bera,all,0
1/1/2021,Pahang,Bera,all,0
1/1/2022,Pahang,Bera,all,40
1/1/2020,Pahang,Bera,hospital_moh,0
1/1/2021,Pahang,Bera,hospital_moh,0
1/1/2022,Pahang,Bera,hospital_moh,40
1/1/2020,Pahang,Bera,hospital_non_moh,0
1/1/2021,Pahang,Bera,hospital_non_moh,0
1/1/2022,Pahang,Bera,hospital_non_moh,0
1/1/2020,Pahang,Bera,special_medical_institution,0
1/1/2021,Pahang,Bera,special_medical_institution,0
1/1/2022,Pahang,Bera,special_medical_institution,0
1/1/2020,Pahang,Cameron Highlands,all,40
1/1/2021,Pahang,Cameron Highlands,all,40
1/1/2022,Pahang,Cameron Highlands,all,40
1/1/2020,Pahang,Cameron Highlands,hospital_moh,40
1/1/2021,Pahang,Cameron Highlands,hospital_moh,40
1/1/2022,Pahang,Cameron Highlands,hospital_moh,40
1/1/2020,Pahang,Cameron Highlands,hospital_non_moh,0
1/1/2021,Pahang,Cameron Highlands,hospital_non_moh,0
1/1/2022,Pahang,Cameron Highlands,hospital_non_moh,0
1/1/2020,Pahang,Cameron Highlands,special_medical_institution,0
1/1/2021,Pahang,Cameron Highlands,special_medical_institution,0
1/1/2022,Pahang,Cameron Highlands,special_medical_institution,0
1/1/2020,Pahang,Jerantut,all,77
1/1/2021,Pahang,Jerantut,all,77
1/1/2022,Pahang,Jerantut,all,77
1/1/2020,Pahang,Jerantut,hospital_moh,77
1/1/2021,Pahang,Jerantut,hospital_moh,77
1/1/2022,Pahang,Jerantut,hospital_moh,77
1/1/2020,Pahang,Jerantut,hospital_non_moh,0
1/1/2021,Pahang,Jerantut,hospital_non_moh,0
1/1/2022,Pahang,Jerantut,hospital_non_moh,0
1/1/2020,Pahang,Jerantut,special_medical_institution,0
1/1/2021,Pahang,Jerantut,special_medical_institution,0
1/1/2022,Pahang,Jerantut,special_medical_institution,0
1/1/2020,Pahang,Kuantan,all,1181
1/1/2021,Pahang,Kuantan,all,1146
1/1/2022,Pahang,Kuantan,all,1176
1/1/2020,Pahang,Kuantan,hospital_moh,851
1/1/2021,Pahang,Kuantan,hospital_moh,851
1/1/2022,Pahang,Kuantan,hospital_moh,851
1/1/2020,Pahang,Kuantan,hospital_non_moh,330
1/1/2021,Pahang,Kuantan,hospital_non_moh,295
1/1/2022,Pahang,Kuantan,hospital_non_moh,325
1/1/2020,Pahang,Kuantan,special_medical_institution,0
1/1/2021,Pahang,Kuantan,special_medical_institution,0
1/1/2022,Pahang,Kuantan,special_medical_institution,0
1/1/2020,Pahang,Lipis,all,168
1/1/2021,Pahang,Lipis,all,168
1/1/2022,Pahang,Lipis,all,168
1/1/2020,Pahang,Lipis,hospital_moh,168
1/1/2021,Pahang,Lipis,hospital_moh,168
1/1/2022,Pahang,Lipis,hospital_moh,168
1/1/2020,Pahang,Lipis,hospital_non_moh,0
1/1/2021,Pahang,Lipis,hospital_non_moh,0
1/1/2022,Pahang,Lipis,hospital_non_moh,0
1/1/2020,Pahang,Lipis,special_medical_institution,0
1/1/2021,Pahang,Lipis,special_medical_institution,0
1/1/2022,Pahang,Lipis,special_medical_institution,0
1/1/2020,Pahang,Maran,all,70
1/1/2021,Pahang,Maran,all,70
1/1/2022,Pahang,Maran,all,70
1/1/2020,Pahang,Maran,hospital_moh,70
1/1/2021,Pahang,Maran,hospital_moh,70
1/1/2022,Pahang,Maran,hospital_moh,70
1/1/2020,Pahang,Maran,hospital_non_moh,0
1/1/2021,Pahang,Maran,hospital_non_moh,0
1/1/2022,Pahang,Maran,hospital_non_moh,0
1/1/2020,Pahang,Maran,special_medical_institution,0
1/1/2021,Pahang,Maran,special_medical_institution,0
1/1/2022,Pahang,Maran,special_medical_institution,0
1/1/2020,Pahang,Pekan,all,110
1/1/2021,Pahang,Pekan,all,110
1/1/2022,Pahang,Pekan,all,110
1/1/2020,Pahang,Pekan,hospital_moh,110
1/1/2021,Pahang,Pekan,hospital_moh,110
1/1/2022,Pahang,Pekan,hospital_moh,110
1/1/2020,Pahang,Pekan,hospital_non_moh,0
1/1/2021,Pahang,Pekan,hospital_non_moh,0
1/1/2022,Pahang,Pekan,hospital_non_moh,0
1/1/2020,Pahang,Pekan,special_medical_institution,0
1/1/2021,Pahang,Pekan,special_medical_institution,0
1/1/2022,Pahang,Pekan,special_medical_institution,0
1/1/2020,Pahang,Raub,all,89
1/1/2021,Pahang,Raub,all,89
1/1/2022,Pahang,Raub,all,89
1/1/2020,Pahang,Raub,hospital_moh,89
1/1/2021,Pahang,Raub,hospital_moh,89
1/1/2022,Pahang,Raub,hospital_moh,89
1/1/2020,Pahang,Raub,hospital_non_moh,0
1/1/2021,Pahang,Raub,hospital_non_moh,0
1/1/2022,Pahang,Raub,hospital_non_moh,0
1/1/2020,Pahang,Raub,special_medical_institution,0
1/1/2021,Pahang,Raub,special_medical_institution,0
1/1/2022,Pahang,Raub,special_medical_institution,0
1/1/2020,Pahang,Rompin,all,109
1/1/2021,Pahang,Rompin,all,109
1/1/2022,Pahang,Rompin,all,109
1/1/2020,Pahang,Rompin,hospital_moh,109
1/1/2021,Pahang,Rompin,hospital_moh,109
1/1/2022,Pahang,Rompin,hospital_moh,109
1/1/2020,Pahang,Rompin,hospital_non_moh,0
1/1/2021,Pahang,Rompin,hospital_non_moh,0
1/1/2022,Pahang,Rompin,hospital_non_moh,0
1/1/2020,Pahang,Rompin,special_medical_institution,0
1/1/2021,Pahang,Rompin,special_medical_institution,0
1/1/2022,Pahang,Rompin,special_medical_institution,0
1/1/2020,Pahang,Temerloh,all,650
1/1/2021,Pahang,Temerloh,all,650
1/1/2022,Pahang,Temerloh,all,650
1/1/2020,Pahang,Temerloh,hospital_moh,650
1/1/2021,Pahang,Temerloh,hospital_moh,650
1/1/2022,Pahang,Temerloh,hospital_moh,650
1/1/2020,Pahang,Temerloh,hospital_non_moh,0
1/1/2021,Pahang,Temerloh,hospital_non_moh,0
1/1/2022,Pahang,Temerloh,hospital_non_moh,0
1/1/2020,Pahang,Temerloh,special_medical_institution,0
1/1/2021,Pahang,Temerloh,special_medical_institution,0
1/1/2022,Pahang,Temerloh,special_medical_institution,0
1/1/2020,Perak,All Districts,all,5542
1/1/2021,Perak,All Districts,all,5924
1/1/2022,Perak,All Districts,all,5887
1/1/2020,Perak,All Districts,hospital_moh,3595
1/1/2021,Perak,All Districts,hospital_moh,3977
1/1/2022,Perak,All Districts,hospital_moh,3977
1/1/2020,Perak,All Districts,hospital_non_moh,147
1/1/2021,Perak,All Districts,hospital_non_moh,147
1/1/2022,Perak,All Districts,hospital_non_moh,110
1/1/2020,Perak,All Districts,special_medical_institution,1800
1/1/2021,Perak,All Districts,special_medical_institution,1800
1/1/2022,Perak,All Districts,special_medical_institution,1800
1/1/2020,Perak,Batang Padang (Tapah),all,350
1/1/2021,Perak,Batang Padang (Tapah),all,350
1/1/2022,Perak,Batang Padang (Tapah),all,350
1/1/2020,Perak,Batang Padang (Tapah),hospital_moh,350
1/1/2021,Perak,Batang Padang (Tapah),hospital_moh,350
1/1/2022,Perak,Batang Padang (Tapah),hospital_moh,350
1/1/2020,Perak,Batang Padang (Tapah),hospital_non_moh,0
1/1/2021,Perak,Batang Padang (Tapah),hospital_non_moh,0
1/1/2022,Perak,Batang Padang (Tapah),hospital_non_moh,0
1/1/2020,Perak,Batang Padang (Tapah),special_medical_institution,0
1/1/2021,Perak,Batang Padang (Tapah),special_medical_institution,0
1/1/2022,Perak,Batang Padang (Tapah),special_medical_institution,0
1/1/2020,Perak,Hilir Perak,all,548
1/1/2021,Perak,Hilir Perak,all,548
1/1/2022,Perak,Hilir Perak,all,548
1/1/2020,Perak,Hilir Perak,hospital_moh,548
1/1/2021,Perak,Hilir Perak,hospital_moh,548
1/1/2022,Perak,Hilir Perak,hospital_moh,548
1/1/2020,Perak,Hilir Perak,hospital_non_moh,0
1/1/2021,Perak,Hilir Perak,hospital_non_moh,0
1/1/2022,Perak,Hilir Perak,hospital_non_moh,0
1/1/2020,Perak,Hilir Perak,special_medical_institution,0
1/1/2021,Perak,Hilir Perak,special_medical_institution,0
1/1/2022,Perak,Hilir Perak,special_medical_institution,0
1/1/2020,Perak,Hulu Perak,all,75
1/1/2021,Perak,Hulu Perak,all,75
1/1/2022,Perak,Hulu Perak,all,75
1/1/2020,Perak,Hulu Perak,hospital_moh,75
1/1/2021,Perak,Hulu Perak,hospital_moh,75
1/1/2022,Perak,Hulu Perak,hospital_moh,75
1/1/2020,Perak,Hulu Perak,hospital_non_moh,0
1/1/2021,Perak,Hulu Perak,hospital_non_moh,0
1/1/2022,Perak,Hulu Perak,hospital_non_moh,0
1/1/2020,Perak,Hulu Perak,special_medical_institution,0
1/1/2021,Perak,Hulu Perak,special_medical_institution,0
1/1/2022,Perak,Hulu Perak,special_medical_institution,0
1/1/2020,Perak,Kampar,all,90
1/1/2021,Perak,Kampar,all,68
1/1/2022,Perak,Kampar,all,68
1/1/2020,Perak,Kampar,hospital_moh,90
1/1/2021,Perak,Kampar,hospital_moh,68
1/1/2022,Perak,Kampar,hospital_moh,68
1/1/2020,Perak,Kampar,hospital_non_moh,0
1/1/2021,Perak,Kampar,hospital_non_moh,0
1/1/2022,Perak,Kampar,hospital_non_moh,0
1/1/2020,Perak,Kampar,special_medical_institution,0
1/1/2021,Perak,Kampar,special_medical_institution,0
1/1/2022,Perak,Kampar,special_medical_institution,0
1/1/2020,Perak,Kerian,all,100
1/1/2021,Perak,Kerian,all,100
1/1/2022,Perak,Kerian,all,100
1/1/2020,Perak,Kerian,hospital_moh,100
1/1/2021,Perak,Kerian,hospital_moh,100
1/1/2022,Perak,Kerian,hospital_moh,100
1/1/2020,Perak,Kerian,hospital_non_moh,0
1/1/2021,Perak,Kerian,hospital_non_moh,0
1/1/2022,Perak,Kerian,hospital_non_moh,0
1/1/2020,Perak,Kerian,special_medical_institution,0
1/1/2021,Perak,Kerian,special_medical_institution,0
1/1/2022,Perak,Kerian,special_medical_institution,0
1/1/2020,Perak,Kinta (Ipoh),all,2950
1/1/2021,Perak,Kinta (Ipoh),all,3354
1/1/2022,Perak,Kinta (Ipoh),all,3354
1/1/2020,Perak,Kinta (Ipoh),hospital_moh,1150
1/1/2021,Perak,Kinta (Ipoh),hospital_moh,1554
1/1/2022,Perak,Kinta (Ipoh),hospital_moh,1554
1/1/2020,Perak,Kinta (Ipoh),hospital_non_moh,0
1/1/2021,Perak,Kinta (Ipoh),hospital_non_moh,0
1/1/2022,Perak,Kinta (Ipoh),hospital_non_moh,0
1/1/2020,Perak,Kinta (Ipoh),special_medical_institution,1800
1/1/2021,Perak,Kinta (Ipoh),special_medical_institution,1800
1/1/2022,Perak,Kinta (Ipoh),special_medical_institution,1800
1/1/2020,Perak,Kuala Kangsar,all,229
1/1/2021,Perak,Kuala Kangsar,all,229
1/1/2022,Perak,Kuala Kangsar,all,229
1/1/2020,Perak,Kuala Kangsar,hospital_moh,229
1/1/2021,Perak,Kuala Kangsar,hospital_moh,229
1/1/2022,Perak,Kuala Kangsar,hospital_moh,229
1/1/2020,Perak,Kuala Kangsar,hospital_non_moh,0
1/1/2021,Perak,Kuala Kangsar,hospital_non_moh,0
1/1/2022,Perak,Kuala Kangsar,hospital_non_moh,0
1/1/2020,Perak,Kuala Kangsar,special_medical_institution,0
1/1/2021,Perak,Kuala Kangsar,special_medical_institution,0
1/1/2022,Perak,Kuala Kangsar,special_medical_institution,0
1/1/2020,Perak,Larut & Matang (Taiping),all,698
1/1/2021,Perak,Larut & Matang (Taiping),all,698
1/1/2022,Perak,Larut & Matang (Taiping),all,698
1/1/2020,Perak,Larut & Matang (Taiping),hospital_moh,698
1/1/2021,Perak,Larut & Matang (Taiping),hospital_moh,698
1/1/2022,Perak,Larut & Matang (Taiping),hospital_moh,698
1/1/2020,Perak,Larut & Matang (Taiping),hospital_non_moh,0
1/1/2021,Perak,Larut & Matang (Taiping),hospital_non_moh,0
1/1/2022,Perak,Larut & Matang (Taiping),hospital_non_moh,0
1/1/2020,Perak,Larut & Matang (Taiping),special_medical_institution,0
1/1/2021,Perak,Larut & Matang (Taiping),special_medical_institution,0
1/1/2022,Perak,Larut & Matang (Taiping),special_medical_institution,0
1/1/2020,Perak,Manjung (Sitiawan),all,452
1/1/2021,Perak,Manjung (Sitiawan),all,452
1/1/2022,Perak,Manjung (Sitiawan),all,415
1/1/2020,Perak,Manjung (Sitiawan),hospital_moh,305
1/1/2021,Perak,Manjung (Sitiawan),hospital_moh,305
1/1/2022,Perak,Manjung (Sitiawan),hospital_moh,305
1/1/2020,Perak,Manjung (Sitiawan),hospital_non_moh,147
1/1/2021,Perak,Manjung (Sitiawan),hospital_non_moh,147
1/1/2022,Perak,Manjung (Sitiawan),hospital_non_moh,110
1/1/2020,Perak,Manjung (Sitiawan),special_medical_institution,0
1/1/2021,Perak,Manjung (Sitiawan),special_medical_institution,0
1/1/2022,Perak,Manjung (Sitiawan),special_medical_institution,0
1/1/2020,Perak,Perak Tengah,all,50
1/1/2021,Perak,Perak Tengah,all,50
1/1/2022,Perak,Perak Tengah,all,50
1/1/2020,Perak,Perak Tengah,hospital_moh,50
1/1/2021,Perak,Perak Tengah,hospital_moh,50
1/1/2022,Perak,Perak Tengah,hospital_moh,50
1/1/2020,Perak,Perak Tengah,hospital_non_moh,0
1/1/2021,Perak,Perak Tengah,hospital_non_moh,0
1/1/2022,Perak,Perak Tengah,hospital_non_moh,0
1/1/2020,Perak,Perak Tengah,special_medical_institution,0
1/1/2021,Perak,Perak Tengah,special_medical_institution,0
1/1/2022,Perak,Perak Tengah,special_medical_institution,0
1/1/2020,Perlis,All Districts,all,508
1/1/2021,Perlis,All Districts,all,508
1/1/2022,Perlis,All Districts,all,508
1/1/2020,Perlis,All Districts,hospital_moh,508
1/1/2021,Perlis,All Districts,hospital_moh,508
1/1/2022,Perlis,All Districts,hospital_moh,508
1/1/2020,Perlis,All Districts,hospital_non_moh,0
1/1/2021,Perlis,All Districts,hospital_non_moh,0
1/1/2022,Perlis,All Districts,hospital_non_moh,0
1/1/2020,Perlis,All Districts,special_medical_institution,0
1/1/2021,Perlis,All Districts,special_medical_institution,0
1/1/2022,Perlis,All Districts,special_medical_institution,0
1/1/2020,Perlis,Perlis,all,508
1/1/2021,Perlis,Perlis,all,508
1/1/2022,Perlis,Perlis,all,508
1/1/2020,Perlis,Perlis,hospital_moh,508
1/1/2021,Perlis,Perlis,hospital_moh,508
1/1/2022,Perlis,Perlis,hospital_moh,508
1/1/2020,Perlis,Perlis,hospital_non_moh,0
1/1/2021,Perlis,Perlis,hospital_non_moh,0
1/1/2022,Perlis,Perlis,hospital_non_moh,0
1/1/2020,Perlis,Perlis,special_medical_institution,0
1/1/2021,Perlis,Perlis,special_medical_institution,0
1/1/2022,Perlis,Perlis,special_medical_institution,0
1/1/2020,Pulau Pinang,All Districts,all,2113
1/1/2021,Pulau Pinang,All Districts,all,2133
1/1/2022,Pulau Pinang,All Districts,all,2138
1/1/2020,Pulau Pinang,All Districts,hospital_moh,2113
1/1/2021,Pulau Pinang,All Districts,hospital_moh,2133
1/1/2022,Pulau Pinang,All Districts,hospital_moh,2138
1/1/2020,Pulau Pinang,All Districts,hospital_non_moh,0
1/1/2021,Pulau Pinang,All Districts,hospital_non_moh,0
1/1/2022,Pulau Pinang,All Districts,hospital_non_moh,0
1/1/2020,Pulau Pinang,All Districts,special_medical_institution,0
1/1/2021,Pulau Pinang,All Districts,special_medical_institution,0
1/1/2022,Pulau Pinang,All Districts,special_medical_institution,0
1/1/2020,Pulau Pinang,Barat Daya,all,81
1/1/2021,Pulau Pinang,Barat Daya,all,81
1/1/2022,Pulau Pinang,Barat Daya,all,81
1/1/2020,Pulau Pinang,Barat Daya,hospital_moh,81
1/1/2021,Pulau Pinang,Barat Daya,hospital_moh,81
1/1/2022,Pulau Pinang,Barat Daya,hospital_moh,81
1/1/2020,Pulau Pinang,Barat Daya,hospital_non_moh,0
1/1/2021,Pulau Pinang,Barat Daya,hospital_non_moh,0
1/1/2022,Pulau Pinang,Barat Daya,hospital_non_moh,0
1/1/2020,Pulau Pinang,Barat Daya,special_medical_institution,0
1/1/2021,Pulau Pinang,Barat Daya,special_medical_institution,0
1/1/2022,Pulau Pinang,Barat Daya,special_medical_institution,0
1/1/2020,Pulau Pinang,Seberang Perai Selatan,all,105
1/1/2021,Pulau Pinang,Seberang Perai Selatan,all,105
1/1/2022,Pulau Pinang,Seberang Perai Selatan,all,105
1/1/2020,Pulau Pinang,Seberang Perai Selatan,hospital_moh,105
1/1/2021,Pulau Pinang,Seberang Perai Selatan,hospital_moh,105
1/1/2022,Pulau Pinang,Seberang Perai Selatan,hospital_moh,105
1/1/2020,Pulau Pinang,Seberang Perai Selatan,hospital_non_moh,0
1/1/2021,Pulau Pinang,Seberang Perai Selatan,hospital_non_moh,0
1/1/2022,Pulau Pinang,Seberang Perai Selatan,hospital_non_moh,0
1/1/2020,Pulau Pinang,Seberang Perai Selatan,special_medical_institution,0
1/1/2021,Pulau Pinang,Seberang Perai Selatan,special_medical_institution,0
1/1/2022,Pulau Pinang,Seberang Perai Selatan,special_medical_institution,0
1/1/2020,Pulau Pinang,Seberang Perai Tengah,all,635
1/1/2021,Pulau Pinang,Seberang Perai Tengah,all,655
1/1/2022,Pulau Pinang,Seberang Perai Tengah,all,655
1/1/2020,Pulau Pinang,Seberang Perai Tengah,hospital_moh,635
1/1/2021,Pulau Pinang,Seberang Perai Tengah,hospital_moh,655
1/1/2022,Pulau Pinang,Seberang Perai Tengah,hospital_moh,655
1/1/2020,Pulau Pinang,Seberang Perai Tengah,hospital_non_moh,0
1/1/2021,Pulau Pinang,Seberang Perai Tengah,hospital_non_moh,0
1/1/2022,Pulau Pinang,Seberang Perai Tengah,hospital_non_moh,0
1/1/2020,Pulau Pinang,Seberang Perai Tengah,special_medical_institution,0
1/1/2021,Pulau Pinang,Seberang Perai Tengah,special_medical_institution,0
1/1/2022,Pulau Pinang,Seberang Perai Tengah,special_medical_institution,0
1/1/2020,Pulau Pinang,Seberang Perai Utara (Butterworth),all,134
1/1/2021,Pulau Pinang,Seberang Perai Utara (Butterworth),all,134
1/1/2022,Pulau Pinang,Seberang Perai Utara (Butterworth),all,134
1/1/2020,Pulau Pinang,Seberang Perai Utara (Butterworth),hospital_moh,134
1/1/2021,Pulau Pinang,Seberang Perai Utara (Butterworth),hospital_moh,134
1/1/2022,Pulau Pinang,Seberang Perai Utara (Butterworth),hospital_moh,134
1/1/2020,Pulau Pinang,Seberang Perai Utara (Butterworth),hospital_non_moh,0
1/1/2021,Pulau Pinang,Seberang Perai Utara (Butterworth),hospital_non_moh,0
1/1/2022,Pulau Pinang,Seberang Perai Utara (Butterworth),hospital_non_moh,0
1/1/2020,Pulau Pinang,Seberang Perai Utara (Butterworth),special_medical_institution,0
1/1/2021,Pulau Pinang,Seberang Perai Utara (Butterworth),special_medical_institution,0
1/1/2022,Pulau Pinang,Seberang Perai Utara (Butterworth),special_medical_institution,0
1/1/2020,Pulau Pinang,Timur Laut (Georgetown),all,1158
1/1/2021,Pulau Pinang,Timur Laut (Georgetown),all,1158
1/1/2022,Pulau Pinang,Timur Laut (Georgetown),all,1163
1/1/2020,Pulau Pinang,Timur Laut (Georgetown),hospital_moh,1158
1/1/2021,Pulau Pinang,Timur Laut (Georgetown),hospital_moh,1158
1/1/2022,Pulau Pinang,Timur Laut (Georgetown),hospital_moh,1163
1/1/2020,Pulau Pinang,Timur Laut (Georgetown),hospital_non_moh,0
1/1/2021,Pulau Pinang,Timur Laut (Georgetown),hospital_non_moh,0
1/1/2022,Pulau Pinang,Timur Laut (Georgetown),hospital_non_moh,0
1/1/2020,Pulau Pinang,Timur Laut (Georgetown),special_medical_institution,0
1/1/2021,Pulau Pinang,Timur Laut (Georgetown),special_medical_institution,0
1/1/2022,Pulau Pinang,Timur Laut (Georgetown),special_medical_institution,0
1/1/2020,Sabah,All Districts,all,5013
1/1/2021,Sabah,All Districts,all,5023
1/1/2022,Sabah,All Districts,all,5053
1/1/2020,Sabah,All Districts,hospital_moh,4013
1/1/2021,Sabah,All Districts,hospital_moh,4043
1/1/2022,Sabah,All Districts,hospital_moh,4053
1/1/2020,Sabah,All Districts,hospital_non_moh,40
1/1/2021,Sabah,All Districts,hospital_non_moh,20
1/1/2022,Sabah,All Districts,hospital_non_moh,40
1/1/2020,Sabah,All Districts,special_medical_institution,960
1/1/2021,Sabah,All Districts,special_medical_institution,960
1/1/2022,Sabah,All Districts,special_medical_institution,960
1/1/2020,Sabah,Beaufort,all,275
1/1/2021,Sabah,Beaufort,all,275
1/1/2022,Sabah,Beaufort,all,275
1/1/2020,Sabah,Beaufort,hospital_moh,275
1/1/2021,Sabah,Beaufort,hospital_moh,275
1/1/2022,Sabah,Beaufort,hospital_moh,275
1/1/2020,Sabah,Beaufort,hospital_non_moh,0
1/1/2021,Sabah,Beaufort,hospital_non_moh,0
1/1/2022,Sabah,Beaufort,hospital_non_moh,0
1/1/2020,Sabah,Beaufort,special_medical_institution,0
1/1/2021,Sabah,Beaufort,special_medical_institution,0
1/1/2022,Sabah,Beaufort,special_medical_institution,0
1/1/2020,Sabah,Beluran,all,52
1/1/2021,Sabah,Beluran,all,52
1/1/2022,Sabah,Beluran,all,52
1/1/2020,Sabah,Beluran,hospital_moh,52
1/1/2021,Sabah,Beluran,hospital_moh,52
1/1/2022,Sabah,Beluran,hospital_moh,52
1/1/2020,Sabah,Beluran,hospital_non_moh,0
1/1/2021,Sabah,Beluran,hospital_non_moh,0
1/1/2022,Sabah,Beluran,hospital_non_moh,0
1/1/2020,Sabah,Beluran,special_medical_institution,0
1/1/2021,Sabah,Beluran,special_medical_institution,0
1/1/2022,Sabah,Beluran,special_medical_institution,0
1/1/2020,Sabah,Keningau,all,212
1/1/2021,Sabah,Keningau,all,216
1/1/2022,Sabah,Keningau,all,216
1/1/2020,Sabah,Keningau,hospital_moh,212
1/1/2021,Sabah,Keningau,hospital_moh,216
1/1/2022,Sabah,Keningau,hospital_moh,216
1/1/2020,Sabah,Keningau,hospital_non_moh,0
1/1/2021,Sabah,Keningau,hospital_non_moh,0
1/1/2022,Sabah,Keningau,hospital_non_moh,0
1/1/2020,Sabah,Keningau,special_medical_institution,0
1/1/2021,Sabah,Keningau,special_medical_institution,0
1/1/2022,Sabah,Keningau,special_medical_institution,0
1/1/2020,Sabah,Kinabatangan,all,68
1/1/2021,Sabah,Kinabatangan,all,68
1/1/2022,Sabah,Kinabatangan,all,68
1/1/2020,Sabah,Kinabatangan,hospital_moh,68
1/1/2021,Sabah,Kinabatangan,hospital_moh,68
1/1/2022,Sabah,Kinabatangan,hospital_moh,68
1/1/2020,Sabah,Kinabatangan,hospital_non_moh,0
1/1/2021,Sabah,Kinabatangan,hospital_non_moh,0
1/1/2022,Sabah,Kinabatangan,hospital_non_moh,0
1/1/2020,Sabah,Kinabatangan,special_medical_institution,0
1/1/2021,Sabah,Kinabatangan,special_medical_institution,0
1/1/2022,Sabah,Kinabatangan,special_medical_institution,0
1/1/2020,Sabah,Kota Belud,all,172
1/1/2021,Sabah,Kota Belud,all,172
1/1/2022,Sabah,Kota Belud,all,172
1/1/2020,Sabah,Kota Belud,hospital_moh,172
1/1/2021,Sabah,Kota Belud,hospital_moh,172
1/1/2022,Sabah,Kota Belud,hospital_moh,172
1/1/2020,Sabah,Kota Belud,hospital_non_moh,0
1/1/2021,Sabah,Kota Belud,hospital_non_moh,0
1/1/2022,Sabah,Kota Belud,hospital_non_moh,0
1/1/2020,Sabah,Kota Belud,special_medical_institution,0
1/1/2021,Sabah,Kota Belud,special_medical_institution,0
1/1/2022,Sabah,Kota Belud,special_medical_institution,0
1/1/2020,Sabah,Kota Kinabalu,all,2175
1/1/2021,Sabah,Kota Kinabalu,all,2155
1/1/2022,Sabah,Kota Kinabalu,all,2175
1/1/2020,Sabah,Kota Kinabalu,hospital_moh,1175
1/1/2021,Sabah,Kota Kinabalu,hospital_moh,1175
1/1/2022,Sabah,Kota Kinabalu,hospital_moh,1175
1/1/2020,Sabah,Kota Kinabalu,hospital_non_moh,40
1/1/2021,Sabah,Kota Kinabalu,hospital_non_moh,20
1/1/2022,Sabah,Kota Kinabalu,hospital_non_moh,40
1/1/2020,Sabah,Kota Kinabalu,special_medical_institution,960
1/1/2021,Sabah,Kota Kinabalu,special_medical_institution,960
1/1/2022,Sabah,Kota Kinabalu,special_medical_institution,960
1/1/2020,Sabah,Kota Marudu,all,97
1/1/2021,Sabah,Kota Marudu,all,97
1/1/2022,Sabah,Kota Marudu,all,97
1/1/2020,Sabah,Kota Marudu,hospital_moh,97
1/1/2021,Sabah,Kota Marudu,hospital_moh,97
1/1/2022,Sabah,Kota Marudu,hospital_moh,97
1/1/2020,Sabah,Kota Marudu,hospital_non_moh,0
1/1/2021,Sabah,Kota Marudu,hospital_non_moh,0
1/1/2022,Sabah,Kota Marudu,hospital_non_moh,0
1/1/2020,Sabah,Kota Marudu,special_medical_institution,0
1/1/2021,Sabah,Kota Marudu,special_medical_institution,0
1/1/2022,Sabah,Kota Marudu,special_medical_institution,0
1/1/2020,Sabah,Kota Penyu,all,48
1/1/2021,Sabah,Kota Penyu,all,48
1/1/2022,Sabah,Kota Penyu,all,48
1/1/2020,Sabah,Kota Penyu,hospital_moh,48
1/1/2021,Sabah,Kota Penyu,hospital_moh,48
1/1/2022,Sabah,Kota Penyu,hospital_moh,48
1/1/2020,Sabah,Kota Penyu,hospital_non_moh,0
1/1/2021,Sabah,Kota Penyu,hospital_non_moh,0
1/1/2022,Sabah,Kota Penyu,hospital_non_moh,0
1/1/2020,Sabah,Kota Penyu,special_medical_institution,0
1/1/2021,Sabah,Kota Penyu,special_medical_institution,0
1/1/2022,Sabah,Kota Penyu,special_medical_institution,0
1/1/2020,Sabah,Kudat,all,180
1/1/2021,Sabah,Kudat,all,180
1/1/2022,Sabah,Kudat,all,180
1/1/2020,Sabah,Kudat,hospital_moh,180
1/1/2021,Sabah,Kudat,hospital_moh,180
1/1/2022,Sabah,Kudat,hospital_moh,180
1/1/2020,Sabah,Kudat,hospital_non_moh,0
1/1/2021,Sabah,Kudat,hospital_non_moh,0
1/1/2022,Sabah,Kudat,hospital_non_moh,0
1/1/2020,Sabah,Kudat,special_medical_institution,0
1/1/2021,Sabah,Kudat,special_medical_institution,0
1/1/2022,Sabah,Kudat,special_medical_institution,0
1/1/2020,Sabah,Kunak,all,48
1/1/2021,Sabah,Kunak,all,48
1/1/2022,Sabah,Kunak,all,48
1/1/2020,Sabah,Kunak,hospital_moh,48
1/1/2021,Sabah,Kunak,hospital_moh,48
1/1/2022,Sabah,Kunak,hospital_moh,48
1/1/2020,Sabah,Kunak,hospital_non_moh,0
1/1/2021,Sabah,Kunak,hospital_non_moh,0
1/1/2022,Sabah,Kunak,hospital_non_moh,0
1/1/2020,Sabah,Kunak,special_medical_institution,0
1/1/2021,Sabah,Kunak,special_medical_institution,0
1/1/2022,Sabah,Kunak,special_medical_institution,0
1/1/2020,Sabah,Lahad Datu,all,268
1/1/2021,Sabah,Lahad Datu,all,268
1/1/2022,Sabah,Lahad Datu,all,268
1/1/2020,Sabah,Lahad Datu,hospital_moh,268
1/1/2021,Sabah,Lahad Datu,hospital_moh,268
1/1/2022,Sabah,Lahad Datu,hospital_moh,268
1/1/2020,Sabah,Lahad Datu,hospital_non_moh,0
1/1/2021,Sabah,Lahad Datu,hospital_non_moh,0
1/1/2022,Sabah,Lahad Datu,hospital_non_moh,0
1/1/2020,Sabah,Lahad Datu,special_medical_institution,0
1/1/2021,Sabah,Lahad Datu,special_medical_institution,0
1/1/2022,Sabah,Lahad Datu,special_medical_institution,0
1/1/2020,Sabah,Nabawan,all,0
1/1/2021,Sabah,Nabawan,all,0
1/1/2022,Sabah,Nabawan,all,0
1/1/2020,Sabah,Nabawan,hospital_moh,0
1/1/2021,Sabah,Nabawan,hospital_moh,0
1/1/2022,Sabah,Nabawan,hospital_moh,0
1/1/2020,Sabah,Nabawan,hospital_non_moh,0
1/1/2021,Sabah,Nabawan,hospital_non_moh,0
1/1/2022,Sabah,Nabawan,hospital_non_moh,0
1/1/2020,Sabah,Nabawan,special_medical_institution,0
1/1/2021,Sabah,Nabawan,special_medical_institution,0
1/1/2022,Sabah,Nabawan,special_medical_institution,0
1/1/2020,Sabah,Papar,all,77
1/1/2021,Sabah,Papar,all,77
1/1/2022,Sabah,Papar,all,77
1/1/2020,Sabah,Papar,hospital_moh,77
1/1/2021,Sabah,Papar,hospital_moh,77
1/1/2022,Sabah,Papar,hospital_moh,77
1/1/2020,Sabah,Papar,hospital_non_moh,0
1/1/2021,Sabah,Papar,hospital_non_moh,0
1/1/2022,Sabah,Papar,hospital_non_moh,0
1/1/2020,Sabah,Papar,special_medical_institution,0
1/1/2021,Sabah,Papar,special_medical_institution,0
1/1/2022,Sabah,Papar,special_medical_institution,0
1/1/2020,Sabah,Penampang,all,0
1/1/2021,Sabah,Penampang,all,0
1/1/2022,Sabah,Penampang,all,0
1/1/2020,Sabah,Penampang,hospital_moh,0
1/1/2021,Sabah,Penampang,hospital_moh,0
1/1/2022,Sabah,Penampang,hospital_moh,0
1/1/2020,Sabah,Penampang,hospital_non_moh,0
1/1/2021,Sabah,Penampang,hospital_non_moh,0
1/1/2022,Sabah,Penampang,hospital_non_moh,0
1/1/2020,Sabah,Penampang,special_medical_institution,0
1/1/2021,Sabah,Penampang,special_medical_institution,0
1/1/2022,Sabah,Penampang,special_medical_institution,0
1/1/2020,Sabah,Pitas,all,72
1/1/2021,Sabah,Pitas,all,72
1/1/2022,Sabah,Pitas,all,72
1/1/2020,Sabah,Pitas,hospital_moh,72
1/1/2021,Sabah,Pitas,hospital_moh,72
1/1/2022,Sabah,Pitas,hospital_moh,72
1/1/2020,Sabah,Pitas,hospital_non_moh,0
1/1/2021,Sabah,Pitas,hospital_non_moh,0
1/1/2022,Sabah,Pitas,hospital_non_moh,0
1/1/2020,Sabah,Pitas,special_medical_institution,0
1/1/2021,Sabah,Pitas,special_medical_institution,0
1/1/2022,Sabah,Pitas,special_medical_institution,0
1/1/2020,Sabah,Putatan,all,0
1/1/2021,Sabah,Putatan,all,0
1/1/2022,Sabah,Putatan,all,0
1/1/2020,Sabah,Putatan,hospital_moh,0
1/1/2021,Sabah,Putatan,hospital_moh,0
1/1/2022,Sabah,Putatan,hospital_moh,0
1/1/2020,Sabah,Putatan,hospital_non_moh,0
1/1/2021,Sabah,Putatan,hospital_non_moh,0
1/1/2022,Sabah,Putatan,hospital_non_moh,0
1/1/2020,Sabah,Putatan,special_medical_institution,0
1/1/2021,Sabah,Putatan,special_medical_institution,0
1/1/2022,Sabah,Putatan,special_medical_institution,0
1/1/2020,Sabah,Ranau,all,110
1/1/2021,Sabah,Ranau,all,110
1/1/2022,Sabah,Ranau,all,110
1/1/2020,Sabah,Ranau,hospital_moh,110
1/1/2021,Sabah,Ranau,hospital_moh,110
1/1/2022,Sabah,Ranau,hospital_moh,110
1/1/2020,Sabah,Ranau,hospital_non_moh,0
1/1/2021,Sabah,Ranau,hospital_non_moh,0
1/1/2022,Sabah,Ranau,hospital_non_moh,0
1/1/2020,Sabah,Ranau,special_medical_institution,0
1/1/2021,Sabah,Ranau,special_medical_institution,0
1/1/2022,Sabah,Ranau,special_medical_institution,0
1/1/2020,Sabah,Sandakan,all,400
1/1/2021,Sabah,Sandakan,all,400
1/1/2022,Sabah,Sandakan,all,400
1/1/2020,Sabah,Sandakan,hospital_moh,400
1/1/2021,Sabah,Sandakan,hospital_moh,400
1/1/2022,Sabah,Sandakan,hospital_moh,400
1/1/2020,Sabah,Sandakan,hospital_non_moh,0
1/1/2021,Sabah,Sandakan,hospital_non_moh,0
1/1/2022,Sabah,Sandakan,hospital_non_moh,0
1/1/2020,Sabah,Sandakan,special_medical_institution,0
1/1/2021,Sabah,Sandakan,special_medical_institution,0
1/1/2022,Sabah,Sandakan,special_medical_institution,0
1/1/2020,Sabah,Semporna,all,70
1/1/2021,Sabah,Semporna,all,70
1/1/2022,Sabah,Semporna,all,70
1/1/2020,Sabah,Semporna,hospital_moh,70
1/1/2021,Sabah,Semporna,hospital_moh,70
1/1/2022,Sabah,Semporna,hospital_moh,70
1/1/2020,Sabah,Semporna,hospital_non_moh,0
1/1/2021,Sabah,Semporna,hospital_non_moh,0
1/1/2022,Sabah,Semporna,hospital_non_moh,0
1/1/2020,Sabah,Semporna,special_medical_institution,0
1/1/2021,Sabah,Semporna,special_medical_institution,0
1/1/2022,Sabah,Semporna,special_medical_institution,0
1/1/2020,Sabah,Sipitang,all,93
1/1/2021,Sabah,Sipitang,all,93
1/1/2022,Sabah,Sipitang,all,93
1/1/2020,Sabah,Sipitang,hospital_moh,93
1/1/2021,Sabah,Sipitang,hospital_moh,93
1/1/2022,Sabah,Sipitang,hospital_moh,93
1/1/2020,Sabah,Sipitang,hospital_non_moh,0
1/1/2021,Sabah,Sipitang,hospital_non_moh,0
1/1/2022,Sabah,Sipitang,hospital_non_moh,0
1/1/2020,Sabah,Sipitang,special_medical_institution,0
1/1/2021,Sabah,Sipitang,special_medical_institution,0
1/1/2022,Sabah,Sipitang,special_medical_institution,0
1/1/2020,Sabah,Tambunan,all,49
1/1/2021,Sabah,Tambunan,all,49
1/1/2022,Sabah,Tambunan,all,49
1/1/2020,Sabah,Tambunan,hospital_moh,49
1/1/2021,Sabah,Tambunan,hospital_moh,49
1/1/2022,Sabah,Tambunan,hospital_moh,49
1/1/2020,Sabah,Tambunan,hospital_non_moh,0
1/1/2021,Sabah,Tambunan,hospital_non_moh,0
1/1/2022,Sabah,Tambunan,hospital_non_moh,0
1/1/2020,Sabah,Tambunan,special_medical_institution,0
1/1/2021,Sabah,Tambunan,special_medical_institution,0
1/1/2022,Sabah,Tambunan,special_medical_institution,0
1/1/2020,Sabah,Tawau,all,401
1/1/2021,Sabah,Tawau,all,421
1/1/2022,Sabah,Tawau,all,431
1/1/2020,Sabah,Tawau,hospital_moh,401
1/1/2021,Sabah,Tawau,hospital_moh,421
1/1/2022,Sabah,Tawau,hospital_moh,431
1/1/2020,Sabah,Tawau,hospital_non_moh,0
1/1/2021,Sabah,Tawau,hospital_non_moh,0
1/1/2022,Sabah,Tawau,hospital_non_moh,0
1/1/2020,Sabah,Tawau,special_medical_institution,0
1/1/2021,Sabah,Tawau,special_medical_institution,0
1/1/2022,Sabah,Tawau,special_medical_institution,0
1/1/2020,Sabah,Telupid,all,0
1/1/2021,Sabah,Telupid,all,0
1/1/2022,Sabah,Telupid,all,0
1/1/2020,Sabah,Telupid,hospital_moh,0
1/1/2021,Sabah,Telupid,hospital_moh,0
1/1/2022,Sabah,Telupid,hospital_moh,0
1/1/2020,Sabah,Telupid,hospital_non_moh,0
1/1/2021,Sabah,Telupid,hospital_non_moh,0
1/1/2022,Sabah,Telupid,hospital_non_moh,0
1/1/2020,Sabah,Telupid,special_medical_institution,0
1/1/2021,Sabah,Telupid,special_medical_institution,0
1/1/2022,Sabah,Telupid,special_medical_institution,0
1/1/2020,Sabah,Tenom,all,70
1/1/2021,Sabah,Tenom,all,70
1/1/2022,Sabah,Tenom,all,70
1/1/2020,Sabah,Tenom,hospital_moh,70
1/1/2021,Sabah,Tenom,hospital_moh,70
1/1/2022,Sabah,Tenom,hospital_moh,70
1/1/2020,Sabah,Tenom,hospital_non_moh,0
1/1/2021,Sabah,Tenom,hospital_non_moh,0
1/1/2022,Sabah,Tenom,hospital_non_moh,0
1/1/2020,Sabah,Tenom,special_medical_institution,0
1/1/2021,Sabah,Tenom,special_medical_institution,0
1/1/2022,Sabah,Tenom,special_medical_institution,0
1/1/2020,Sabah,Tongad,all,0
1/1/2021,Sabah,Tongad,all,0
1/1/2022,Sabah,Tongad,all,0
1/1/2020,Sabah,Tongad,hospital_moh,0
1/1/2021,Sabah,Tongad,hospital_moh,0
1/1/2022,Sabah,Tongad,hospital_moh,0
1/1/2020,Sabah,Tongad,hospital_non_moh,0
1/1/2021,Sabah,Tongad,hospital_non_moh,0
1/1/2022,Sabah,Tongad,hospital_non_moh,0
1/1/2020,Sabah,Tongad,special_medical_institution,0
1/1/2021,Sabah,Tongad,special_medical_institution,0
1/1/2022,Sabah,Tongad,special_medical_institution,0
1/1/2020,Sabah,Tuaran,all,76
1/1/2021,Sabah,Tuaran,all,82
1/1/2022,Sabah,Tuaran,all,82
1/1/2020,Sabah,Tuaran,hospital_moh,76
1/1/2021,Sabah,Tuaran,hospital_moh,82
1/1/2022,Sabah,Tuaran,hospital_moh,82
1/1/2020,Sabah,Tuaran,hospital_non_moh,0
1/1/2021,Sabah,Tuaran,hospital_non_moh,0
1/1/2022,Sabah,Tuaran,hospital_non_moh,0
1/1/2020,Sabah,Tuaran,special_medical_institution,0
1/1/2021,Sabah,Tuaran,special_medical_institution,0
1/1/2022,Sabah,Tuaran,special_medical_institution,0
1/1/2020,Sarawak,All Districts,all,4146
1/1/2021,Sarawak,All Districts,all,4099
1/1/2022,Sarawak,All Districts,all,4119
1/1/2020,Sarawak,All Districts,hospital_moh,3680
1/1/2021,Sarawak,All Districts,hospital_moh,3633
1/1/2022,Sarawak,All Districts,hospital_moh,3653
1/1/2020,Sarawak,All Districts,hospital_non_moh,0
1/1/2021,Sarawak,All Districts,hospital_non_moh,0
1/1/2022,Sarawak,All Districts,hospital_non_moh,0
1/1/2020,Sarawak,All Districts,special_medical_institution,466
1/1/2021,Sarawak,All Districts,special_medical_institution,466
1/1/2022,Sarawak,All Districts,special_medical_institution,466
1/1/2020,Sarawak,Asajaya,all,0
1/1/2021,Sarawak,Asajaya,all,0
1/1/2022,Sarawak,Asajaya,all,0
1/1/2020,Sarawak,Asajaya,hospital_moh,0
1/1/2021,Sarawak,Asajaya,hospital_moh,0
1/1/2022,Sarawak,Asajaya,hospital_moh,0
1/1/2020,Sarawak,Asajaya,hospital_non_moh,0
1/1/2021,Sarawak,Asajaya,hospital_non_moh,0
1/1/2022,Sarawak,Asajaya,hospital_non_moh,0
1/1/2020,Sarawak,Asajaya,special_medical_institution,0
1/1/2021,Sarawak,Asajaya,special_medical_institution,0
1/1/2022,Sarawak,Asajaya,special_medical_institution,0
1/1/2020,Sarawak,Bau,all,68
1/1/2021,Sarawak,Bau,all,68
1/1/2022,Sarawak,Bau,all,68
1/1/2020,Sarawak,Bau,hospital_moh,68
1/1/2021,Sarawak,Bau,hospital_moh,68
1/1/2022,Sarawak,Bau,hospital_moh,68
1/1/2020,Sarawak,Bau,hospital_non_moh,0
1/1/2021,Sarawak,Bau,hospital_non_moh,0
1/1/2022,Sarawak,Bau,hospital_non_moh,0
1/1/2020,Sarawak,Bau,special_medical_institution,0
1/1/2021,Sarawak,Bau,special_medical_institution,0
1/1/2022,Sarawak,Bau,special_medical_institution,0
1/1/2020,Sarawak,Belaga,all,0
1/1/2021,Sarawak,Belaga,all,0
1/1/2022,Sarawak,Belaga,all,0
1/1/2020,Sarawak,Belaga,hospital_moh,0
1/1/2021,Sarawak,Belaga,hospital_moh,0
1/1/2022,Sarawak,Belaga,hospital_moh,0
1/1/2020,Sarawak,Belaga,hospital_non_moh,0
1/1/2021,Sarawak,Belaga,hospital_non_moh,0
1/1/2022,Sarawak,Belaga,hospital_non_moh,0
1/1/2020,Sarawak,Belaga,special_medical_institution,0
1/1/2021,Sarawak,Belaga,special_medical_institution,0
1/1/2022,Sarawak,Belaga,special_medical_institution,0
1/1/2020,Sarawak,Beluru,all,0
1/1/2021,Sarawak,Beluru,all,0
1/1/2022,Sarawak,Beluru,all,0
1/1/2020,Sarawak,Beluru,hospital_moh,0
1/1/2021,Sarawak,Beluru,hospital_moh,0
1/1/2022,Sarawak,Beluru,hospital_moh,0
1/1/2020,Sarawak,Beluru,hospital_non_moh,0
1/1/2021,Sarawak,Beluru,hospital_non_moh,0
1/1/2022,Sarawak,Beluru,hospital_non_moh,0
1/1/2020,Sarawak,Beluru,special_medical_institution,0
1/1/2021,Sarawak,Beluru,special_medical_institution,0
1/1/2022,Sarawak,Beluru,special_medical_institution,0
1/1/2020,Sarawak,Betong,all,48
1/1/2021,Sarawak,Betong,all,48
1/1/2022,Sarawak,Betong,all,48
1/1/2020,Sarawak,Betong,hospital_moh,48
1/1/2021,Sarawak,Betong,hospital_moh,48
1/1/2022,Sarawak,Betong,hospital_moh,48
1/1/2020,Sarawak,Betong,hospital_non_moh,0
1/1/2021,Sarawak,Betong,hospital_non_moh,0
1/1/2022,Sarawak,Betong,hospital_non_moh,0
1/1/2020,Sarawak,Betong,special_medical_institution,0
1/1/2021,Sarawak,Betong,special_medical_institution,0
1/1/2022,Sarawak,Betong,special_medical_institution,0
1/1/2020,Sarawak,Bintulu,all,302
1/1/2021,Sarawak,Bintulu,all,302
1/1/2022,Sarawak,Bintulu,all,302
1/1/2020,Sarawak,Bintulu,hospital_moh,302
1/1/2021,Sarawak,Bintulu,hospital_moh,302
1/1/2022,Sarawak,Bintulu,hospital_moh,302
1/1/2020,Sarawak,Bintulu,hospital_non_moh,0
1/1/2021,Sarawak,Bintulu,hospital_non_moh,0
1/1/2022,Sarawak,Bintulu,hospital_non_moh,0
1/1/2020,Sarawak,Bintulu,special_medical_institution,0
1/1/2021,Sarawak,Bintulu,special_medical_institution,0
1/1/2022,Sarawak,Bintulu,special_medical_institution,0
1/1/2020,Sarawak,Bukit Mabong,all,0
1/1/2021,Sarawak,Bukit Mabong,all,0
1/1/2022,Sarawak,Bukit Mabong,all,0
1/1/2020,Sarawak,Bukit Mabong,hospital_moh,0
1/1/2021,Sarawak,Bukit Mabong,hospital_moh,0
1/1/2022,Sarawak,Bukit Mabong,hospital_moh,0
1/1/2020,Sarawak,Bukit Mabong,hospital_non_moh,0
1/1/2021,Sarawak,Bukit Mabong,hospital_non_moh,0
1/1/2022,Sarawak,Bukit Mabong,hospital_non_moh,0
1/1/2020,Sarawak,Bukit Mabong,special_medical_institution,0
1/1/2021,Sarawak,Bukit Mabong,special_medical_institution,0
1/1/2022,Sarawak,Bukit Mabong,special_medical_institution,0
1/1/2020,Sarawak,Dalat,all,8
1/1/2021,Sarawak,Dalat,all,8
1/1/2022,Sarawak,Dalat,all,8
1/1/2020,Sarawak,Dalat,hospital_moh,8
1/1/2021,Sarawak,Dalat,hospital_moh,8
1/1/2022,Sarawak,Dalat,hospital_moh,8
1/1/2020,Sarawak,Dalat,hospital_non_moh,0
1/1/2021,Sarawak,Dalat,hospital_non_moh,0
1/1/2022,Sarawak,Dalat,hospital_non_moh,0
1/1/2020,Sarawak,Dalat,special_medical_institution,0
1/1/2021,Sarawak,Dalat,special_medical_institution,0
1/1/2022,Sarawak,Dalat,special_medical_institution,0
1/1/2020,Sarawak,Daro,all,46
1/1/2021,Sarawak,Daro,all,46
1/1/2022,Sarawak,Daro,all,46
1/1/2020,Sarawak,Daro,hospital_moh,46
1/1/2021,Sarawak,Daro,hospital_moh,46
1/1/2022,Sarawak,Daro,hospital_moh,46
1/1/2020,Sarawak,Daro,hospital_non_moh,0
1/1/2021,Sarawak,Daro,hospital_non_moh,0
1/1/2022,Sarawak,Daro,hospital_non_moh,0
1/1/2020,Sarawak,Daro,special_medical_institution,0
1/1/2021,Sarawak,Daro,special_medical_institution,0
1/1/2022,Sarawak,Daro,special_medical_institution,0
1/1/2020,Sarawak,Julau,all,0
1/1/2021,Sarawak,Julau,all,0
1/1/2022,Sarawak,Julau,all,0
1/1/2020,Sarawak,Julau,hospital_moh,0
1/1/2021,Sarawak,Julau,hospital_moh,0
1/1/2022,Sarawak,Julau,hospital_moh,0
1/1/2020,Sarawak,Julau,hospital_non_moh,0
1/1/2021,Sarawak,Julau,hospital_non_moh,0
1/1/2022,Sarawak,Julau,hospital_non_moh,0
1/1/2020,Sarawak,Julau,special_medical_institution,0
1/1/2021,Sarawak,Julau,special_medical_institution,0
1/1/2022,Sarawak,Julau,special_medical_institution,0
1/1/2020,Sarawak,Kabong,all,0
1/1/2021,Sarawak,Kabong,all,0
1/1/2022,Sarawak,Kabong,all,0
1/1/2020,Sarawak,Kabong,hospital_moh,0
1/1/2021,Sarawak,Kabong,hospital_moh,0
1/1/2022,Sarawak,Kabong,hospital_moh,0
1/1/2020,Sarawak,Kabong,hospital_non_moh,0
1/1/2021,Sarawak,Kabong,hospital_non_moh,0
1/1/2022,Sarawak,Kabong,hospital_non_moh,0
1/1/2020,Sarawak,Kabong,special_medical_institution,0
1/1/2021,Sarawak,Kabong,special_medical_institution,0
1/1/2022,Sarawak,Kabong,special_medical_institution,0
1/1/2020,Sarawak,Kanowit,all,100
1/1/2021,Sarawak,Kanowit,all,100
1/1/2022,Sarawak,Kanowit,all,100
1/1/2020,Sarawak,Kanowit,hospital_moh,100
1/1/2021,Sarawak,Kanowit,hospital_moh,100
1/1/2022,Sarawak,Kanowit,hospital_moh,100
1/1/2020,Sarawak,Kanowit,hospital_non_moh,0
1/1/2021,Sarawak,Kanowit,hospital_non_moh,0
1/1/2022,Sarawak,Kanowit,hospital_non_moh,0
1/1/2020,Sarawak,Kanowit,special_medical_institution,0
1/1/2021,Sarawak,Kanowit,special_medical_institution,0
1/1/2022,Sarawak,Kanowit,special_medical_institution,0
1/1/2020,Sarawak,Kapit,all,134
1/1/2021,Sarawak,Kapit,all,134
1/1/2022,Sarawak,Kapit,all,134
1/1/2020,Sarawak,Kapit,hospital_moh,134
1/1/2021,Sarawak,Kapit,hospital_moh,134
1/1/2022,Sarawak,Kapit,hospital_moh,134
1/1/2020,Sarawak,Kapit,hospital_non_moh,0
1/1/2021,Sarawak,Kapit,hospital_non_moh,0
1/1/2022,Sarawak,Kapit,hospital_non_moh,0
1/1/2020,Sarawak,Kapit,special_medical_institution,0
1/1/2021,Sarawak,Kapit,special_medical_institution,0
1/1/2022,Sarawak,Kapit,special_medical_institution,0
1/1/2020,Sarawak,Kuching,all,1435
1/1/2021,Sarawak,Kuching,all,1412
1/1/2022,Sarawak,Kuching,all,1412
1/1/2020,Sarawak,Kuching,hospital_moh,1097
1/1/2021,Sarawak,Kuching,hospital_moh,1074
1/1/2022,Sarawak,Kuching,hospital_moh,1074
1/1/2020,Sarawak,Kuching,hospital_non_moh,0
1/1/2021,Sarawak,Kuching,hospital_non_moh,0
1/1/2022,Sarawak,Kuching,hospital_non_moh,0
1/1/2020,Sarawak,Kuching,special_medical_institution,338
1/1/2021,Sarawak,Kuching,special_medical_institution,338
1/1/2022,Sarawak,Kuching,special_medical_institution,338
1/1/2020,Sarawak,Lawas,all,46
1/1/2021,Sarawak,Lawas,all,46
1/1/2022,Sarawak,Lawas,all,46
1/1/2020,Sarawak,Lawas,hospital_moh,46
1/1/2021,Sarawak,Lawas,hospital_moh,46
1/1/2022,Sarawak,Lawas,hospital_moh,46
1/1/2020,Sarawak,Lawas,hospital_non_moh,0
1/1/2021,Sarawak,Lawas,hospital_non_moh,0
1/1/2022,Sarawak,Lawas,hospital_non_moh,0
1/1/2020,Sarawak,Lawas,special_medical_institution,0
1/1/2021,Sarawak,Lawas,special_medical_institution,0
1/1/2022,Sarawak,Lawas,special_medical_institution,0
1/1/2020,Sarawak,Limbang,all,100
1/1/2021,Sarawak,Limbang,all,100
1/1/2022,Sarawak,Limbang,all,100
1/1/2020,Sarawak,Limbang,hospital_moh,100
1/1/2021,Sarawak,Limbang,hospital_moh,100
1/1/2022,Sarawak,Limbang,hospital_moh,100
1/1/2020,Sarawak,Limbang,hospital_non_moh,0
1/1/2021,Sarawak,Limbang,hospital_non_moh,0
1/1/2022,Sarawak,Limbang,hospital_non_moh,0
1/1/2020,Sarawak,Limbang,special_medical_institution,0
1/1/2021,Sarawak,Limbang,special_medical_institution,0
1/1/2022,Sarawak,Limbang,special_medical_institution,0
1/1/2020,Sarawak,Lubok Antu,all,0
1/1/2021,Sarawak,Lubok Antu,all,0
1/1/2022,Sarawak,Lubok Antu,all,0
1/1/2020,Sarawak,Lubok Antu,hospital_moh,0
1/1/2021,Sarawak,Lubok Antu,hospital_moh,0
1/1/2022,Sarawak,Lubok Antu,hospital_moh,0
1/1/2020,Sarawak,Lubok Antu,hospital_non_moh,0
1/1/2021,Sarawak,Lubok Antu,hospital_non_moh,0
1/1/2022,Sarawak,Lubok Antu,hospital_non_moh,0
1/1/2020,Sarawak,Lubok Antu,special_medical_institution,0
1/1/2021,Sarawak,Lubok Antu,special_medical_institution,0
1/1/2022,Sarawak,Lubok Antu,special_medical_institution,0
1/1/2020,Sarawak,Lundu,all,46
1/1/2021,Sarawak,Lundu,all,46
1/1/2022,Sarawak,Lundu,all,46
1/1/2020,Sarawak,Lundu,hospital_moh,46
1/1/2021,Sarawak,Lundu,hospital_moh,46
1/1/2022,Sarawak,Lundu,hospital_moh,46
1/1/2020,Sarawak,Lundu,hospital_non_moh,0
1/1/2021,Sarawak,Lundu,hospital_non_moh,0
1/1/2022,Sarawak,Lundu,hospital_non_moh,0
1/1/2020,Sarawak,Lundu,special_medical_institution,0
1/1/2021,Sarawak,Lundu,special_medical_institution,0
1/1/2022,Sarawak,Lundu,special_medical_institution,0
1/1/2020,Sarawak,Marudi,all,54
1/1/2021,Sarawak,Marudi,all,54
1/1/2022,Sarawak,Marudi,all,54
1/1/2020,Sarawak,Marudi,hospital_moh,54
1/1/2021,Sarawak,Marudi,hospital_moh,54
1/1/2022,Sarawak,Marudi,hospital_moh,54
1/1/2020,Sarawak,Marudi,hospital_non_moh,0
1/1/2021,Sarawak,Marudi,hospital_non_moh,0
1/1/2022,Sarawak,Marudi,hospital_non_moh,0
1/1/2020,Sarawak,Marudi,special_medical_institution,0
1/1/2021,Sarawak,Marudi,special_medical_institution,0
1/1/2022,Sarawak,Marudi,special_medical_institution,0
1/1/2020,Sarawak,Matu,all,0
1/1/2021,Sarawak,Matu,all,0
1/1/2022,Sarawak,Matu,all,0
1/1/2020,Sarawak,Matu,hospital_moh,0
1/1/2021,Sarawak,Matu,hospital_moh,0
1/1/2022,Sarawak,Matu,hospital_moh,0
1/1/2020,Sarawak,Matu,hospital_non_moh,0
1/1/2021,Sarawak,Matu,hospital_non_moh,0
1/1/2022,Sarawak,Matu,hospital_non_moh,0
1/1/2020,Sarawak,Matu,special_medical_institution,0
1/1/2021,Sarawak,Matu,special_medical_institution,0
1/1/2022,Sarawak,Matu,special_medical_institution,0
1/1/2020,Sarawak,Meradong,all,0
1/1/2021,Sarawak,Meradong,all,0
1/1/2022,Sarawak,Meradong,all,0
1/1/2020,Sarawak,Meradong,hospital_moh,0
1/1/2021,Sarawak,Meradong,hospital_moh,0
1/1/2022,Sarawak,Meradong,hospital_moh,0
1/1/2020,Sarawak,Meradong,hospital_non_moh,0
1/1/2021,Sarawak,Meradong,hospital_non_moh,0
1/1/2022,Sarawak,Meradong,hospital_non_moh,0
1/1/2020,Sarawak,Meradong,special_medical_institution,0
1/1/2021,Sarawak,Meradong,special_medical_institution,0
1/1/2022,Sarawak,Meradong,special_medical_institution,0
1/1/2020,Sarawak,Miri,all,349
1/1/2021,Sarawak,Miri,all,349
1/1/2022,Sarawak,Miri,all,349
1/1/2020,Sarawak,Miri,hospital_moh,349
1/1/2021,Sarawak,Miri,hospital_moh,349
1/1/2022,Sarawak,Miri,hospital_moh,349
1/1/2020,Sarawak,Miri,hospital_non_moh,0
1/1/2021,Sarawak,Miri,hospital_non_moh,0
1/1/2022,Sarawak,Miri,hospital_non_moh,0
1/1/2020,Sarawak,Miri,special_medical_institution,0
1/1/2021,Sarawak,Miri,special_medical_institution,0
1/1/2022,Sarawak,Miri,special_medical_institution,0
1/1/2020,Sarawak,Mukah,all,80
1/1/2021,Sarawak,Mukah,all,80
1/1/2022,Sarawak,Mukah,all,80
1/1/2020,Sarawak,Mukah,hospital_moh,80
1/1/2021,Sarawak,Mukah,hospital_moh,80
1/1/2022,Sarawak,Mukah,hospital_moh,80
1/1/2020,Sarawak,Mukah,hospital_non_moh,0
1/1/2021,Sarawak,Mukah,hospital_non_moh,0
1/1/2022,Sarawak,Mukah,hospital_non_moh,0
1/1/2020,Sarawak,Mukah,special_medical_institution,0
1/1/2021,Sarawak,Mukah,special_medical_institution,0
1/1/2022,Sarawak,Mukah,special_medical_institution,0
1/1/2020,Sarawak,Pakan,all,0
1/1/2021,Sarawak,Pakan,all,0
1/1/2022,Sarawak,Pakan,all,0
1/1/2020,Sarawak,Pakan,hospital_moh,0
1/1/2021,Sarawak,Pakan,hospital_moh,0
1/1/2022,Sarawak,Pakan,hospital_moh,0
1/1/2020,Sarawak,Pakan,hospital_non_moh,0
1/1/2021,Sarawak,Pakan,hospital_non_moh,0
1/1/2022,Sarawak,Pakan,hospital_non_moh,0
1/1/2020,Sarawak,Pakan,special_medical_institution,0
1/1/2021,Sarawak,Pakan,special_medical_institution,0
1/1/2022,Sarawak,Pakan,special_medical_institution,0
1/1/2020,Sarawak,Pusa,all,0
1/1/2021,Sarawak,Pusa,all,0
1/1/2022,Sarawak,Pusa,all,0
1/1/2020,Sarawak,Pusa,hospital_moh,0
1/1/2021,Sarawak,Pusa,hospital_moh,0
1/1/2022,Sarawak,Pusa,hospital_moh,0
1/1/2020,Sarawak,Pusa,hospital_non_moh,0
1/1/2021,Sarawak,Pusa,hospital_non_moh,0
1/1/2022,Sarawak,Pusa,hospital_non_moh,0
1/1/2020,Sarawak,Pusa,special_medical_institution,0
1/1/2021,Sarawak,Pusa,special_medical_institution,0
1/1/2022,Sarawak,Pusa,special_medical_institution,0
1/1/2020,Sarawak,Samarahan,all,128
1/1/2021,Sarawak,Samarahan,all,128
1/1/2022,Sarawak,Samarahan,all,128
1/1/2020,Sarawak,Samarahan,hospital_moh,0
1/1/2021,Sarawak,Samarahan,hospital_moh,0
1/1/2022,Sarawak,Samarahan,hospital_moh,0
1/1/2020,Sarawak,Samarahan,hospital_non_moh,0
1/1/2021,Sarawak,Samarahan,hospital_non_moh,0
1/1/2022,Sarawak,Samarahan,hospital_non_moh,0
1/1/2020,Sarawak,Samarahan,special_medical_institution,128
1/1/2021,Sarawak,Samarahan,special_medical_institution,128
1/1/2022,Sarawak,Samarahan,special_medical_institution,128
1/1/2020,Sarawak,Saratok,all,106
1/1/2021,Sarawak,Saratok,all,106
1/1/2022,Sarawak,Saratok,all,106
1/1/2020,Sarawak,Saratok,hospital_moh,106
1/1/2021,Sarawak,Saratok,hospital_moh,106
1/1/2022,Sarawak,Saratok,hospital_moh,106
1/1/2020,Sarawak,Saratok,hospital_non_moh,0
1/1/2021,Sarawak,Saratok,hospital_non_moh,0
1/1/2022,Sarawak,Saratok,hospital_non_moh,0
1/1/2020,Sarawak,Saratok,special_medical_institution,0
1/1/2021,Sarawak,Saratok,special_medical_institution,0
1/1/2022,Sarawak,Saratok,special_medical_institution,0
1/1/2020,Sarawak,Sarikei,all,212
1/1/2021,Sarawak,Sarikei,all,212
1/1/2022,Sarawak,Sarikei,all,212
1/1/2020,Sarawak,Sarikei,hospital_moh,212
1/1/2021,Sarawak,Sarikei,hospital_moh,212
1/1/2022,Sarawak,Sarikei,hospital_moh,212
1/1/2020,Sarawak,Sarikei,hospital_non_moh,0
1/1/2021,Sarawak,Sarikei,hospital_non_moh,0
1/1/2022,Sarawak,Sarikei,hospital_non_moh,0
1/1/2020,Sarawak,Sarikei,special_medical_institution,0
1/1/2021,Sarawak,Sarikei,special_medical_institution,0
1/1/2022,Sarawak,Sarikei,special_medical_institution,0
1/1/2020,Sarawak,Sebauh,all,0
1/1/2021,Sarawak,Sebauh,all,0
1/1/2022,Sarawak,Sebauh,all,0
1/1/2020,Sarawak,Sebauh,hospital_moh,0
1/1/2021,Sarawak,Sebauh,hospital_moh,0
1/1/2022,Sarawak,Sebauh,hospital_moh,0
1/1/2020,Sarawak,Sebauh,hospital_non_moh,0
1/1/2021,Sarawak,Sebauh,hospital_non_moh,0
1/1/2022,Sarawak,Sebauh,hospital_non_moh,0
1/1/2020,Sarawak,Sebauh,special_medical_institution,0
1/1/2021,Sarawak,Sebauh,special_medical_institution,0
1/1/2022,Sarawak,Sebauh,special_medical_institution,0
1/1/2020,Sarawak,Selangau,all,0
1/1/2021,Sarawak,Selangau,all,0
1/1/2022,Sarawak,Selangau,all,0
1/1/2020,Sarawak,Selangau,hospital_moh,0
1/1/2021,Sarawak,Selangau,hospital_moh,0
1/1/2022,Sarawak,Selangau,hospital_moh,0
1/1/2020,Sarawak,Selangau,hospital_non_moh,0
1/1/2021,Sarawak,Selangau,hospital_non_moh,0
1/1/2022,Sarawak,Selangau,hospital_non_moh,0
1/1/2020,Sarawak,Selangau,special_medical_institution,0
1/1/2021,Sarawak,Selangau,special_medical_institution,0
1/1/2022,Sarawak,Selangau,special_medical_institution,0
1/1/2020,Sarawak,Serian,all,84
1/1/2021,Sarawak,Serian,all,84
1/1/2022,Sarawak,Serian,all,84
1/1/2020,Sarawak,Serian,hospital_moh,84
1/1/2021,Sarawak,Serian,hospital_moh,84
1/1/2022,Sarawak,Serian,hospital_moh,84
1/1/2020,Sarawak,Serian,hospital_non_moh,0
1/1/2021,Sarawak,Serian,hospital_non_moh,0
1/1/2022,Sarawak,Serian,hospital_non_moh,0
1/1/2020,Sarawak,Serian,special_medical_institution,0
1/1/2021,Sarawak,Serian,special_medical_institution,0
1/1/2022,Sarawak,Serian,special_medical_institution,0
1/1/2020,Sarawak,Sibu,all,662
1/1/2021,Sarawak,Sibu,all,642
1/1/2022,Sarawak,Sibu,all,662
1/1/2020,Sarawak,Sibu,hospital_moh,662
1/1/2021,Sarawak,Sibu,hospital_moh,642
1/1/2022,Sarawak,Sibu,hospital_moh,662
1/1/2020,Sarawak,Sibu,hospital_non_moh,0
1/1/2021,Sarawak,Sibu,hospital_non_moh,0
1/1/2022,Sarawak,Sibu,hospital_non_moh,0
1/1/2020,Sarawak,Sibu,special_medical_institution,0
1/1/2021,Sarawak,Sibu,special_medical_institution,0
1/1/2022,Sarawak,Sibu,special_medical_institution,0
1/1/2020,Sarawak,Simunjan,all,42
1/1/2021,Sarawak,Simunjan,all,42
1/1/2022,Sarawak,Simunjan,all,42
1/1/2020,Sarawak,Simunjan,hospital_moh,42
1/1/2021,Sarawak,Simunjan,hospital_moh,42
1/1/2022,Sarawak,Simunjan,hospital_moh,42
1/1/2020,Sarawak,Simunjan,hospital_non_moh,0
1/1/2021,Sarawak,Simunjan,hospital_non_moh,0
1/1/2022,Sarawak,Simunjan,hospital_non_moh,0
1/1/2020,Sarawak,Simunjan,special_medical_institution,0
1/1/2021,Sarawak,Simunjan,special_medical_institution,0
1/1/2022,Sarawak,Simunjan,special_medical_institution,0
1/1/2020,Sarawak,Song,all,0
1/1/2021,Sarawak,Song,all,0
1/1/2022,Sarawak,Song,all,0
1/1/2020,Sarawak,Song,hospital_moh,0
1/1/2021,Sarawak,Song,hospital_moh,0
1/1/2022,Sarawak,Song,hospital_moh,0
1/1/2020,Sarawak,Song,hospital_non_moh,0
1/1/2021,Sarawak,Song,hospital_non_moh,0
1/1/2022,Sarawak,Song,hospital_non_moh,0
1/1/2020,Sarawak,Song,special_medical_institution,0
1/1/2021,Sarawak,Song,special_medical_institution,0
1/1/2022,Sarawak,Song,special_medical_institution,0
1/1/2020,Sarawak,Sri Aman,all,96
1/1/2021,Sarawak,Sri Aman,all,92
1/1/2022,Sarawak,Sri Aman,all,92
1/1/2020,Sarawak,Sri Aman,hospital_moh,96
1/1/2021,Sarawak,Sri Aman,hospital_moh,92
1/1/2022,Sarawak,Sri Aman,hospital_moh,92
1/1/2020,Sarawak,Sri Aman,hospital_non_moh,0
1/1/2021,Sarawak,Sri Aman,hospital_non_moh,0
1/1/2022,Sarawak,Sri Aman,hospital_non_moh,0
1/1/2020,Sarawak,Sri Aman,special_medical_institution,0
1/1/2021,Sarawak,Sri Aman,special_medical_institution,0
1/1/2022,Sarawak,Sri Aman,special_medical_institution,0
1/1/2020,Sarawak,Subis,all,0
1/1/2021,Sarawak,Subis,all,0
1/1/2022,Sarawak,Subis,all,0
1/1/2020,Sarawak,Subis,hospital_moh,0
1/1/2021,Sarawak,Subis,hospital_moh,0
1/1/2022,Sarawak,Subis,hospital_moh,0
1/1/2020,Sarawak,Subis,hospital_non_moh,0
1/1/2021,Sarawak,Subis,hospital_non_moh,0
1/1/2022,Sarawak,Subis,hospital_non_moh,0
1/1/2020,Sarawak,Subis,special_medical_institution,0
1/1/2021,Sarawak,Subis,special_medical_institution,0
1/1/2022,Sarawak,Subis,special_medical_institution,0
1/1/2020,Sarawak,Tanjung Manis,all,0
1/1/2021,Sarawak,Tanjung Manis,all,0
1/1/2022,Sarawak,Tanjung Manis,all,0
1/1/2020,Sarawak,Tanjung Manis,hospital_moh,0
1/1/2021,Sarawak,Tanjung Manis,hospital_moh,0
1/1/2022,Sarawak,Tanjung Manis,hospital_moh,0
1/1/2020,Sarawak,Tanjung Manis,hospital_non_moh,0
1/1/2021,Sarawak,Tanjung Manis,hospital_non_moh,0
1/1/2022,Sarawak,Tanjung Manis,hospital_non_moh,0
1/1/2020,Sarawak,Tanjung Manis,special_medical_institution,0
1/1/2021,Sarawak,Tanjung Manis,special_medical_institution,0
1/1/2022,Sarawak,Tanjung Manis,special_medical_institution,0
1/1/2020,Sarawak,Tatau,all,0
1/1/2021,Sarawak,Tatau,all,0
1/1/2022,Sarawak,Tatau,all,0
1/1/2020,Sarawak,Tatau,hospital_moh,0
1/1/2021,Sarawak,Tatau,hospital_moh,0
1/1/2022,Sarawak,Tatau,hospital_moh,0
1/1/2020,Sarawak,Tatau,hospital_non_moh,0
1/1/2021,Sarawak,Tatau,hospital_non_moh,0
1/1/2022,Sarawak,Tatau,hospital_non_moh,0
1/1/2020,Sarawak,Tatau,special_medical_institution,0
1/1/2021,Sarawak,Tatau,special_medical_institution,0
1/1/2022,Sarawak,Tatau,special_medical_institution,0
1/1/2020,Sarawak,Tebedu,all,0
1/1/2021,Sarawak,Tebedu,all,0
1/1/2022,Sarawak,Tebedu,all,0
1/1/2020,Sarawak,Tebedu,hospital_moh,0
1/1/2021,Sarawak,Tebedu,hospital_moh,0
1/1/2022,Sarawak,Tebedu,hospital_moh,0
1/1/2020,Sarawak,Tebedu,hospital_non_moh,0
1/1/2021,Sarawak,Tebedu,hospital_non_moh,0
1/1/2022,Sarawak,Tebedu,hospital_non_moh,0
1/1/2020,Sarawak,Tebedu,special_medical_institution,0
1/1/2021,Sarawak,Tebedu,special_medical_institution,0
1/1/2022,Sarawak,Tebedu,special_medical_institution,0
1/1/2020,Sarawak,Telang Usan,all,0
1/1/2021,Sarawak,Telang Usan,all,0
1/1/2020,Sarawak,Telang Usan,hospital_moh,0
1/1/2021,Sarawak,Telang Usan,hospital_moh,0
1/1/2020,Sarawak,Telang Usan,hospital_non_moh,0
1/1/2021,Sarawak,Telang Usan,hospital_non_moh,0
1/1/2020,Sarawak,Telang Usan,special_medical_institution,0
1/1/2021,Sarawak,Telang Usan,special_medical_institution,0
1/1/2020,Selangor,All Districts,all,6131
1/1/2021,Selangor,All Districts,all,7159
1/1/2022,Selangor,All Districts,all,7640
1/1/2020,Selangor,All Districts,hospital_moh,5963
1/1/2021,Selangor,All Districts,hospital_moh,6179
1/1/2022,Selangor,All Districts,hospital_moh,6651
1/1/2020,Selangor,All Districts,hospital_non_moh,88
1/1/2021,Selangor,All Districts,hospital_non_moh,888
1/1/2022,Selangor,All Districts,hospital_non_moh,897
1/1/2020,Selangor,All Districts,special_medical_institution,80
1/1/2021,Selangor,All Districts,special_medical_institution,92
1/1/2022,Selangor,All Districts,special_medical_institution,92
1/1/2020,Selangor,Gombak (Rawang),all,2198
1/1/2021,Selangor,Gombak (Rawang),all,3122
1/1/2022,Selangor,Gombak (Rawang),all,3153
1/1/2020,Selangor,Gombak (Rawang),hospital_moh,2030
1/1/2021,Selangor,Gombak (Rawang),hospital_moh,2142
1/1/2022,Selangor,Gombak (Rawang),hospital_moh,2164
1/1/2020,Selangor,Gombak (Rawang),hospital_non_moh,88
1/1/2021,Selangor,Gombak (Rawang),hospital_non_moh,888
1/1/2022,Selangor,Gombak (Rawang),hospital_non_moh,897
1/1/2020,Selangor,Gombak (Rawang),special_medical_institution,80
1/1/2021,Selangor,Gombak (Rawang),special_medical_institution,92
1/1/2022,Selangor,Gombak (Rawang),special_medical_institution,92
1/1/2020,Selangor,Hulu Langat (Bangi),all,1027
1/1/2021,Selangor,Hulu Langat (Bangi),all,1047
1/1/2022,Selangor,Hulu Langat (Bangi),all,1087
1/1/2020,Selangor,Hulu Langat (Bangi),hospital_moh,1027
1/1/2021,Selangor,Hulu Langat (Bangi),hospital_moh,1047
1/1/2022,Selangor,Hulu Langat (Bangi),hospital_moh,1087
1/1/2020,Selangor,Hulu Langat (Bangi),hospital_non_moh,0
1/1/2021,Selangor,Hulu Langat (Bangi),hospital_non_moh,0
1/1/2022,Selangor,Hulu Langat (Bangi),hospital_non_moh,0
1/1/2020,Selangor,Hulu Langat (Bangi),special_medical_institution,0
1/1/2021,Selangor,Hulu Langat (Bangi),special_medical_institution,0
1/1/2022,Selangor,Hulu Langat (Bangi),special_medical_institution,0
1/1/2020,Selangor,Hulu Selangor,all,120
1/1/2021,Selangor,Hulu Selangor,all,120
1/1/2022,Selangor,Hulu Selangor,all,120
1/1/2020,Selangor,Hulu Selangor,hospital_moh,120
1/1/2021,Selangor,Hulu Selangor,hospital_moh,120
1/1/2022,Selangor,Hulu Selangor,hospital_moh,120
1/1/2020,Selangor,Hulu Selangor,hospital_non_moh,0
1/1/2021,Selangor,Hulu Selangor,hospital_non_moh,0
1/1/2022,Selangor,Hulu Selangor,hospital_non_moh,0
1/1/2020,Selangor,Hulu Selangor,special_medical_institution,0
1/1/2021,Selangor,Hulu Selangor,special_medical_institution,0
1/1/2022,Selangor,Hulu Selangor,special_medical_institution,0
1/1/2020,Selangor,Klang,all,1258
1/1/2021,Selangor,Klang,all,1261
1/1/2022,Selangor,Klang,all,1261
1/1/2020,Selangor,Klang,hospital_moh,1258
1/1/2021,Selangor,Klang,hospital_moh,1261
1/1/2022,Selangor,Klang,hospital_moh,1261
1/1/2020,Selangor,Klang,hospital_non_moh,0
1/1/2021,Selangor,Klang,hospital_non_moh,0
1/1/2022,Selangor,Klang,hospital_non_moh,0
1/1/2020,Selangor,Klang,special_medical_institution,0
1/1/2021,Selangor,Klang,special_medical_institution,0
1/1/2022,Selangor,Klang,special_medical_institution,0
1/1/2020,Selangor,Kuala Langat,all,172
1/1/2021,Selangor,Kuala Langat,all,182
1/1/2022,Selangor,Kuala Langat,all,196
1/1/2020,Selangor,Kuala Langat,hospital_moh,172
1/1/2021,Selangor,Kuala Langat,hospital_moh,182
1/1/2022,Selangor,Kuala Langat,hospital_moh,196
1/1/2020,Selangor,Kuala Langat,hospital_non_moh,0
1/1/2021,Selangor,Kuala Langat,hospital_non_moh,0
1/1/2022,Selangor,Kuala Langat,hospital_non_moh,0
1/1/2020,Selangor,Kuala Langat,special_medical_institution,0
1/1/2021,Selangor,Kuala Langat,special_medical_institution,0
1/1/2022,Selangor,Kuala Langat,special_medical_institution,0
1/1/2020,Selangor,Kuala Selangor,all,114
1/1/2021,Selangor,Kuala Selangor,all,114
1/1/2022,Selangor,Kuala Selangor,all,114
1/1/2020,Selangor,Kuala Selangor,hospital_moh,114
1/1/2021,Selangor,Kuala Selangor,hospital_moh,114
1/1/2022,Selangor,Kuala Selangor,hospital_moh,114
1/1/2020,Selangor,Kuala Selangor,hospital_non_moh,0
1/1/2021,Selangor,Kuala Selangor,hospital_non_moh,0
1/1/2022,Selangor,Kuala Selangor,hospital_non_moh,0
1/1/2020,Selangor,Kuala Selangor,special_medical_institution,0
1/1/2021,Selangor,Kuala Selangor,special_medical_institution,0
1/1/2022,Selangor,Kuala Selangor,special_medical_institution,0
1/1/2020,Selangor,Petaling (Subang Jaya),all,382
1/1/2021,Selangor,Petaling (Subang Jaya),all,382
1/1/2022,Selangor,Petaling (Subang Jaya),all,490
1/1/2020,Selangor,Petaling (Subang Jaya),hospital_moh,382
1/1/2021,Selangor,Petaling (Subang Jaya),hospital_moh,382
1/1/2022,Selangor,Petaling (Subang Jaya),hospital_moh,490
1/1/2020,Selangor,Petaling (Subang Jaya),hospital_non_moh,0
1/1/2021,Selangor,Petaling (Subang Jaya),hospital_non_moh,0
1/1/2022,Selangor,Petaling (Subang Jaya),hospital_non_moh,0
1/1/2020,Selangor,Petaling (Subang Jaya),special_medical_institution,0
1/1/2021,Selangor,Petaling (Subang Jaya),special_medical_institution,0
1/1/2022,Selangor,Petaling (Subang Jaya),special_medical_institution,0
1/1/2020,Selangor,Sabak Bernam,all,93
1/1/2021,Selangor,Sabak Bernam,all,93
1/1/2022,Selangor,Sabak Bernam,all,93
1/1/2020,Selangor,Sabak Bernam,hospital_moh,93
1/1/2021,Selangor,Sabak Bernam,hospital_moh,93
1/1/2022,Selangor,Sabak Bernam,hospital_moh,93
1/1/2020,Selangor,Sabak Bernam,hospital_non_moh,0
1/1/2021,Selangor,Sabak Bernam,hospital_non_moh,0
1/1/2022,Selangor,Sabak Bernam,hospital_non_moh,0
1/1/2020,Selangor,Sabak Bernam,special_medical_institution,0
1/1/2021,Selangor,Sabak Bernam,special_medical_institution,0
1/1/2022,Selangor,Sabak Bernam,special_medical_institution,0
1/1/2020,Selangor,Sepang,all,767
1/1/2021,Selangor,Sepang,all,838
1/1/2022,Selangor,Sepang,all,1126
1/1/2020,Selangor,Sepang,hospital_moh,767
1/1/2021,Selangor,Sepang,hospital_moh,838
1/1/2022,Selangor,Sepang,hospital_moh,1126
1/1/2020,Selangor,Sepang,hospital_non_moh,0
1/1/2021,Selangor,Sepang,hospital_non_moh,0
1/1/2022,Selangor,Sepang,hospital_non_moh,0
1/1/2020,Selangor,Sepang,special_medical_institution,0
1/1/2021,Selangor,Sepang,special_medical_institution,0
1/1/2022,Selangor,Sepang,special_medical_institution,0
1/1/2020,Terengganu,All Districts,all,1700
1/1/2021,Terengganu,All Districts,all,1722
1/1/2022,Terengganu,All Districts,all,1730
1/1/2020,Terengganu,All Districts,hospital_moh,1700
1/1/2021,Terengganu,All Districts,hospital_moh,1722
1/1/2022,Terengganu,All Districts,hospital_moh,1730
1/1/2020,Terengganu,All Districts,hospital_non_moh,0
1/1/2021,Terengganu,All Districts,hospital_non_moh,0
1/1/2022,Terengganu,All Districts,hospital_non_moh,0
1/1/2020,Terengganu,All Districts,special_medical_institution,0
1/1/2021,Terengganu,All Districts,special_medical_institution,0
1/1/2022,Terengganu,All Districts,special_medical_institution,0
1/1/2020,Terengganu,Besut,all,140
1/1/2021,Terengganu,Besut,all,140
1/1/2022,Terengganu,Besut,all,140
1/1/2020,Terengganu,Besut,hospital_moh,140
1/1/2021,Terengganu,Besut,hospital_moh,140
1/1/2022,Terengganu,Besut,hospital_moh,140
1/1/2020,Terengganu,Besut,hospital_non_moh,0
1/1/2021,Terengganu,Besut,hospital_non_moh,0
1/1/2022,Terengganu,Besut,hospital_non_moh,0
1/1/2020,Terengganu,Besut,special_medical_institution,0
1/1/2021,Terengganu,Besut,special_medical_institution,0
1/1/2022,Terengganu,Besut,special_medical_institution,0
1/1/2020,Terengganu,Dungun,all,100
1/1/2021,Terengganu,Dungun,all,100
1/1/2022,Terengganu,Dungun,all,100
1/1/2020,Terengganu,Dungun,hospital_moh,100
1/1/2021,Terengganu,Dungun,hospital_moh,100
1/1/2022,Terengganu,Dungun,hospital_moh,100
1/1/2020,Terengganu,Dungun,hospital_non_moh,0
1/1/2021,Terengganu,Dungun,hospital_non_moh,0
1/1/2022,Terengganu,Dungun,hospital_non_moh,0
1/1/2020,Terengganu,Dungun,special_medical_institution,0
1/1/2021,Terengganu,Dungun,special_medical_institution,0
1/1/2022,Terengganu,Dungun,special_medical_institution,0
1/1/2020,Terengganu,Hulu Terengganu,all,125
1/1/2021,Terengganu,Hulu Terengganu,all,95
1/1/2022,Terengganu,Hulu Terengganu,all,95
1/1/2020,Terengganu,Hulu Terengganu,hospital_moh,125
1/1/2021,Terengganu,Hulu Terengganu,hospital_moh,95
1/1/2022,Terengganu,Hulu Terengganu,hospital_moh,95
1/1/2020,Terengganu,Hulu Terengganu,hospital_non_moh,0
1/1/2021,Terengganu,Hulu Terengganu,hospital_non_moh,0
1/1/2022,Terengganu,Hulu Terengganu,hospital_non_moh,0
1/1/2020,Terengganu,Hulu Terengganu,special_medical_institution,0
1/1/2021,Terengganu,Hulu Terengganu,special_medical_institution,0
1/1/2022,Terengganu,Hulu Terengganu,special_medical_institution,0
1/1/2020,Terengganu,Kemaman,all,152
1/1/2021,Terengganu,Kemaman,all,156
1/1/2022,Terengganu,Kemaman,all,164
1/1/2020,Terengganu,Kemaman,hospital_moh,152
1/1/2021,Terengganu,Kemaman,hospital_moh,156
1/1/2022,Terengganu,Kemaman,hospital_moh,164
1/1/2020,Terengganu,Kemaman,hospital_non_moh,0
1/1/2021,Terengganu,Kemaman,hospital_non_moh,0
1/1/2022,Terengganu,Kemaman,hospital_non_moh,0
1/1/2020,Terengganu,Kemaman,special_medical_institution,0
1/1/2021,Terengganu,Kemaman,special_medical_institution,0
1/1/2022,Terengganu,Kemaman,special_medical_institution,0
1/1/2020,Terengganu,Kuala Terengganu,all,1107
1/1/2021,Terengganu,Kuala Terengganu,all,1155
1/1/2022,Terengganu,Kuala Terengganu,all,1155
1/1/2020,Terengganu,Kuala Terengganu,hospital_moh,1107
1/1/2021,Terengganu,Kuala Terengganu,hospital_moh,1155
1/1/2022,Terengganu,Kuala Terengganu,hospital_moh,1155
1/1/2020,Terengganu,Kuala Terengganu,hospital_non_moh,0
1/1/2021,Terengganu,Kuala Terengganu,hospital_non_moh,0
1/1/2022,Terengganu,Kuala Terengganu,hospital_non_moh,0
1/1/2020,Terengganu,Kuala Terengganu,special_medical_institution,0
1/1/2021,Terengganu,Kuala Terengganu,special_medical_institution,0
1/1/2022,Terengganu,Kuala Terengganu,special_medical_institution,0
1/1/2020,Terengganu,Marang,all,0
1/1/2021,Terengganu,Marang,all,0
1/1/2022,Terengganu,Marang,all,0
1/1/2020,Terengganu,Marang,hospital_moh,0
1/1/2021,Terengganu,Marang,hospital_moh,0
1/1/2022,Terengganu,Marang,hospital_moh,0
1/1/2020,Terengganu,Marang,hospital_non_moh,0
1/1/2021,Terengganu,Marang,hospital_non_moh,0
1/1/2022,Terengganu,Marang,hospital_non_moh,0
1/1/2020,Terengganu,Marang,special_medical_institution,0
1/1/2021,Terengganu,Marang,special_medical_institution,0
1/1/2022,Terengganu,Marang,special_medical_institution,0
1/1/2020,Terengganu,Setiu,all,76
1/1/2021,Terengganu,Setiu,all,76
1/1/2022,Terengganu,Setiu,all,76
1/1/2020,Terengganu,Setiu,hospital_moh,76
1/1/2021,Terengganu,Setiu,hospital_moh,76
1/1/2022,Terengganu,Setiu,hospital_moh,76
1/1/2020,Terengganu,Setiu,hospital_non_moh,0
1/1/2021,Terengganu,Setiu,hospital_non_moh,0
1/1/2022,Terengganu,Setiu,hospital_non_moh,0
1/1/2020,Terengganu,Setiu,special_medical_institution,0
1/1/2021,Terengganu,Setiu,special_medical_institution,0
1/1/2022,Terengganu,Setiu,special_medical_institution,0
1/1/2020,Kuala Lumpur,All Districts,all,5583
1/1/2021,Kuala Lumpur,All Districts,all,5582
1/1/2022,Kuala Lumpur,All Districts,all,4874
1/1/2020,Kuala Lumpur,All Districts,hospital_moh,2125
1/1/2021,Kuala Lumpur,All Districts,hospital_moh,2125
1/1/2022,Kuala Lumpur,All Districts,hospital_moh,1553
1/1/2020,Kuala Lumpur,All Districts,hospital_non_moh,2574
1/1/2021,Kuala Lumpur,All Districts,hospital_non_moh,2573
1/1/2022,Kuala Lumpur,All Districts,hospital_non_moh,2437
1/1/2020,Kuala Lumpur,All Districts,special_medical_institution,884
1/1/2021,Kuala Lumpur,All Districts,special_medical_institution,884
1/1/2022,Kuala Lumpur,All Districts,special_medical_institution,884
1/1/2020,Kuala Lumpur,Kuala Lumpur,all,5583
1/1/2021,Kuala Lumpur,Kuala Lumpur,all,5582
1/1/2022,Kuala Lumpur,Kuala Lumpur,all,4874
1/1/2020,Kuala Lumpur,Kuala Lumpur,hospital_moh,2125
1/1/2021,Kuala Lumpur,Kuala Lumpur,hospital_moh,2125
1/1/2022,Kuala Lumpur,Kuala Lumpur,hospital_moh,1553
1/1/2020,Kuala Lumpur,Kuala Lumpur,hospital_non_moh,2574
1/1/2021,Kuala Lumpur,Kuala Lumpur,hospital_non_moh,2573
1/1/2022,Kuala Lumpur,Kuala Lumpur,hospital_non_moh,2437
1/1/2020,Kuala Lumpur,Kuala Lumpur,special_medical_institution,884
1/1/2021,Kuala Lumpur,Kuala Lumpur,special_medical_institution,884
1/1/2022,Kuala Lumpur,Kuala Lumpur,special_medical_institution,884
1/1/2020,Labuan,All Districts,all,122
1/1/2021,Labuan,All Districts,all,122
1/1/2022,Labuan,All Districts,all,122
1/1/2020,Labuan,All Districts,hospital_moh,122
1/1/2021,Labuan,All Districts,hospital_moh,122
1/1/2022,Labuan,All Districts,hospital_moh,122
1/1/2020,Labuan,All Districts,hospital_non_moh,0
1/1/2021,Labuan,All Districts,hospital_non_moh,0
1/1/2022,Labuan,All Districts,hospital_non_moh,0
1/1/2020,Labuan,All Districts,special_medical_institution,0
1/1/2021,Labuan,All Districts,special_medical_institution,0
1/1/2022,Labuan,All Districts,special_medical_institution,0
1/1/2020,Labuan,Labuan,all,122
1/1/2021,Labuan,Labuan,all,122
1/1/2022,Labuan,Labuan,all,122
1/1/2020,Labuan,Labuan,hospital_moh,122
1/1/2021,Labuan,Labuan,hospital_moh,122
1/1/2022,Labuan,Labuan,hospital_moh,122
1/1/2020,Labuan,Labuan,hospital_non_moh,0
1/1/2021,Labuan,Labuan,hospital_non_moh,0
1/1/2022,Labuan,Labuan,hospital_non_moh,0
1/1/2020,Labuan,Labuan,special_medical_institution,0
1/1/2021,Labuan,Labuan,special_medical_institution,0
1/1/2022,Labuan,Labuan,special_medical_institution,0
1/1/2020,Putrajaya,All Districts,all,637
1/1/2021,Putrajaya,All Districts,all,637
1/1/2022,Putrajaya,All Districts,all,637
1/1/2020,Putrajaya,All Districts,hospital_moh,385
1/1/2021,Putrajaya,All Districts,hospital_moh,385
1/1/2022,Putrajaya,All Districts,hospital_moh,385
1/1/2020,Putrajaya,All Districts,hospital_non_moh,0
1/1/2021,Putrajaya,All Districts,hospital_non_moh,0
1/1/2022,Putrajaya,All Districts,hospital_non_moh,0
1/1/2020,Putrajaya,All Districts,special_medical_institution,252
1/1/2021,Putrajaya,All Districts,special_medical_institution,252
1/1/2022,Putrajaya,All Districts,special_medical_institution,252
1/1/2020,Putrajaya,Putrajaya,all,637
1/1/2021,Putrajaya,Putrajaya,all,637
1/1/2022,Putrajaya,Putrajaya,all,637
1/1/2020,Putrajaya,Putrajaya,hospital_moh,385
1/1/2021,Putrajaya,Putrajaya,hospital_moh,385
1/1/2022,Putrajaya,Putrajaya,hospital_moh,385
1/1/2020,Putrajaya,Putrajaya,hospital_non_moh,0
1/1/2021,Putrajaya,Putrajaya,hospital_non_moh,0
1/1/2022,Putrajaya,Putrajaya,hospital_non_moh,0
1/1/2020,Putrajaya,Putrajaya,special_medical_institution,252
1/1/2021,Putrajaya,Putrajaya,special_medical_institution,252
1/1/2022,Putrajaya,Putrajaya,special_medical_institution,252
